Event,Date,Performer,Venue,City,Get-in Price
2026 MLB All Star Game,7/14/2026,MLB All Star Game,Citizens Bank Park,Philadelphia,$644
New York Yankees at Boston Red Sox,6/27/2026,Boston Red Sox,Fenway Park,Boston,$179
New York Yankees at Chicago Cubs,8/1/2026,Chicago Cubs,Wrigley Field,Chicago,$163
New York Yankees at Chicago Cubs,7/31/2026,Chicago Cubs,Wrigley Field,Chicago,$163
Los Angeles Dodgers at Athletics,6/29/2026,Athletics,Sutter Health Park,West Sacramento,$160
Los Angeles Dodgers at San Francisco Giants,9/26/2026,San Francisco Giants,Oracle Park,San Francisco,$159
New York Yankees at Boston Red Sox,6/26/2026,Boston Red Sox,Fenway Park,Boston,$153
New York Yankees at Boston Red Sox,6/25/2026,Boston Red Sox,Fenway Park,Boston,$152
Los Angeles Dodgers at Athletics,6/30/2026,Athletics,Sutter Health Park,West Sacramento,$149
Los Angeles Dodgers at Athletics,7/1/2026,Athletics,Sutter Health Park,West Sacramento,$139
New York Mets at New York Yankees,9/11/2026,New York Yankees,Yankee Stadium,Bronx,$138
Los Angeles Dodgers at San Francisco Giants,9/27/2026,San Francisco Giants,Oracle Park,San Francisco,$136
New York Yankees at Boston Red Sox,6/28/2026,Boston Red Sox,Fenway Park,Boston,$131
Los Angeles Dodgers at New York Yankees,7/18/2026,New York Yankees,Yankee Stadium,Bronx,$131
Los Angeles Dodgers at New York Yankees,7/17/2026,New York Yankees,Yankee Stadium,Bronx,$130
San Diego Padres at Los Angeles Dodgers,7/2/2026,Los Angeles Dodgers,Uniqlo Field at Dodger Stadium,Los Angeles,$124
St. Louis Cardinals at Chicago Cubs,7/4/2026,Chicago Cubs,Wrigley Field,Chicago,$119
Toronto Blue Jays at Chicago Cubs,6/19/2026,Chicago Cubs,Wrigley Field,Chicago,$119
Milwaukee Brewers at Los Angeles Dodgers,8/14/2026,Los Angeles Dodgers,Uniqlo Field at Dodger Stadium,Los Angeles,$118
Baltimore Orioles at Los Angeles Dodgers,6/20/2026,Los Angeles Dodgers,Uniqlo Field at Dodger Stadium,Los Angeles,$118
St. Louis Cardinals at Chicago Cubs,7/3/2026,Chicago Cubs,Wrigley Field,Chicago,$113
Pittsburgh Pirates at Los Angeles Dodgers,8/22/2026,Los Angeles Dodgers,Uniqlo Field at Dodger Stadium,Los Angeles,$110
Minnesota Twins at Chicago Cubs,7/18/2026,Chicago Cubs,Wrigley Field,Chicago,$109
Los Angeles Dodgers at San Francisco Giants,9/25/2026,San Francisco Giants,Oracle Park,San Francisco,$108
San Diego Padres at Los Angeles Dodgers,7/4/2026,Los Angeles Dodgers,Uniqlo Field at Dodger Stadium,Los Angeles,$108
Toronto Blue Jays at Chicago Cubs,6/20/2026,Chicago Cubs,Wrigley Field,Chicago,$108
Los Angeles Dodgers at New York Yankees,7/19/2026,New York Yankees,Yankee Stadium,Bronx,$105
New York Yankees at Chicago Cubs (Wrigley Field Marquee Night Light Giveaway),8/2/2026,Chicago Cubs,Wrigley Field,Chicago,$105
Baltimore Orioles at Los Angeles Dodgers,6/21/2026,Los Angeles Dodgers,Uniqlo Field at Dodger Stadium,Los Angeles,$105
Los Angeles Dodgers at San Diego Padres,6/26/2026,San Diego Padres,PETCO Park,San Diego,$104
Chicago Cubs at Boston Red Sox,9/26/2026,Boston Red Sox,Fenway Park,Boston,$103
New York Yankees at San Diego Padres,9/4/2026,San Diego Padres,PETCO Park,San Diego,$103
Boston Red Sox at Los Angeles Dodgers,7/31/2026,Los Angeles Dodgers,Uniqlo Field at Dodger Stadium,Los Angeles,$103
Seattle Mariners at Los Angeles Dodgers,7/28/2026,Los Angeles Dodgers,Uniqlo Field at Dodger Stadium,Los Angeles,$103
Colorado Rockies at Los Angeles Dodgers,7/8/2026,Los Angeles Dodgers,Uniqlo Field at Dodger Stadium,Los Angeles,$102
Toronto Blue Jays at Chicago Cubs,6/21/2026,Chicago Cubs,Wrigley Field,Chicago,$100
Los Angeles Dodgers at Chicago Cubs,8/3/2026,Chicago Cubs,Wrigley Field,Chicago,$100
Arizona Diamondbacks at Los Angeles Dodgers,7/12/2026,Los Angeles Dodgers,Uniqlo Field at Dodger Stadium,Los Angeles,$99
Philadelphia Phillies at Los Angeles Dodgers,5/30/2026,Los Angeles Dodgers,Uniqlo Field at Dodger Stadium,Los Angeles,$99
Los Angeles Dodgers at New York Mets,7/24/2026,New York Mets,Citi Field,Flushing,$98
Toronto Blue Jays at Boston Red Sox,7/24/2026,Boston Red Sox,Fenway Park,Boston,$97
Washington Nationals at Los Angeles Dodgers,9/5/2026,Los Angeles Dodgers,Uniqlo Field at Dodger Stadium,Los Angeles,$97
Chicago Cubs at San Francisco Giants (Hello Kitty Plush Keychain Giveaway),6/14/2026,San Francisco Giants,Oracle Park,San Francisco,$97
New York Mets at Toronto Blue Jays (Shane Bieber Jersey Giveaway),7/1/2026,Toronto Blue Jays,Rogers Centre,Toronto,$96
Chicago Cubs at Milwaukee Brewers,6/27/2026,Milwaukee Brewers,American Family Field,Milwaukee,$96
Tampa Bay Rays at Los Angeles Dodgers,6/15/2026,Los Angeles Dodgers,Uniqlo Field at Dodger Stadium,Los Angeles,$96
New York Yankees at San Diego Padres,9/5/2026,San Diego Padres,PETCO Park,San Diego,$95
Los Angeles Dodgers at New York Mets,7/26/2026,New York Mets,Citi Field,Flushing,$95
San Diego Padres at Los Angeles Dodgers,9/22/2026,Los Angeles Dodgers,Uniqlo Field at Dodger Stadium,Los Angeles,$94
Boston Red Sox at Los Angeles Dodgers,8/1/2026,Los Angeles Dodgers,Uniqlo Field at Dodger Stadium,Los Angeles,$94
Toronto Blue Jays at Boston Red Sox,7/25/2026,Boston Red Sox,Fenway Park,Boston,$93
Los Angeles Dodgers at Chicago Cubs,8/5/2026,Chicago Cubs,Wrigley Field,Chicago,$93
New York Yankees at Tampa Bay Rays,7/9/2026,Tampa Bay Rays,Tropicana Field,Saint Petersburg,$92
New York Yankees at San Diego Padres,9/6/2026,San Diego Padres,PETCO Park,San Diego,$91
New York Yankees at Philadelphia Phillies,7/25/2026,Philadelphia Phillies,Citizens Bank Park,Philadelphia,$91
St. Louis Cardinals at Chicago Cubs,8/15/2026,Chicago Cubs,Wrigley Field,Chicago,$91
Los Angeles Dodgers at Chicago Cubs,8/4/2026,Chicago Cubs,Wrigley Field,Chicago,$91
San Francisco Giants at Los Angeles Dodgers,9/19/2026,Los Angeles Dodgers,Uniqlo Field at Dodger Stadium,Los Angeles,$91
San Francisco Giants at Chicago Cubs,6/6/2026,Chicago Cubs,Wrigley Field,Chicago,$91
Kansas City Royals at Los Angeles Dodgers,8/12/2026,Los Angeles Dodgers,Uniqlo Field at Dodger Stadium,Los Angeles,$90
Los Angeles Dodgers at San Diego Padres,6/28/2026,San Diego Padres,PETCO Park,San Diego,$89
Los Angeles Dodgers at San Diego Padres,6/27/2026,San Diego Padres,PETCO Park,San Diego,$89
New York Mets at New York Yankees,9/12/2026,New York Yankees,Yankee Stadium,Bronx,$89
Los Angeles Angels at Los Angeles Dodgers,6/6/2026,Los Angeles Dodgers,Uniqlo Field at Dodger Stadium,Los Angeles,$89
Tampa Bay Rays at Boston Red Sox,7/18/2026,Boston Red Sox,Fenway Park,Boston,$88
Chicago White Sox at Chicago Cubs,8/19/2026,Chicago Cubs,Wrigley Field,Chicago,$88
San Diego Padres at Los Angeles Dodgers,7/3/2026,Los Angeles Dodgers,Uniqlo Field at Dodger Stadium,Los Angeles,$88
Toronto Blue Jays at Boston Red Sox,7/26/2026,Boston Red Sox,Fenway Park,Boston,$87
Texas Rangers at Boston Red Sox,6/13/2026,Boston Red Sox,Fenway Park,Boston,$87
San Francisco Giants at Chicago Cubs,6/5/2026,Chicago Cubs,Wrigley Field,Chicago,$87
Minnesota Twins at Chicago Cubs,7/17/2026,Chicago Cubs,Wrigley Field,Chicago,$86
Texas Rangers at Boston Red Sox,6/14/2026,Boston Red Sox,Fenway Park,Boston,$85
St. Louis Cardinals at Chicago Cubs,8/14/2026,Chicago Cubs,Wrigley Field,Chicago,$84
Boston Red Sox at New York Yankees (Military Appreciation Night - Red White and Blue Yankees Shirt Giveaway),6/6/2026,New York Yankees,Yankee Stadium,Bronx,$84
Los Angeles Angels at Los Angeles Dodgers,6/5/2026,Los Angeles Dodgers,Uniqlo Field at Dodger Stadium,Los Angeles,$83
Colorado Rockies at Los Angeles Dodgers,7/6/2026,Los Angeles Dodgers,Uniqlo Field at Dodger Stadium,Los Angeles,$83
Toronto Blue Jays at Philadelphia Phillies,8/7/2026,Philadelphia Phillies,Citizens Bank Park,Philadelphia,$83
Pittsburgh Pirates at Los Angeles Dodgers,8/21/2026,Los Angeles Dodgers,Uniqlo Field at Dodger Stadium,Los Angeles,$82
San Diego Padres at Los Angeles Dodgers,9/23/2026,Los Angeles Dodgers,Uniqlo Field at Dodger Stadium,Los Angeles,$82
Baltimore Orioles at Los Angeles Dodgers,6/19/2026,Los Angeles Dodgers,Uniqlo Field at Dodger Stadium,Los Angeles,$82
Los Angeles Dodgers at New York Mets,7/25/2026,New York Mets,Citi Field,Flushing,$82
Chicago Cubs at Boston Red Sox,9/25/2026,Boston Red Sox,Fenway Park,Boston,$82
New York Yankees at Philadelphia Phillies,7/24/2026,Philadelphia Phillies,Citizens Bank Park,Philadelphia,$82
Tampa Bay Rays at Boston Red Sox,7/17/2026,Boston Red Sox,Fenway Park,Boston,$82
Los Angeles Angels at Athletics (Jacob Wilson Bobblehead Giveaway),6/20/2026,Athletics,Sutter Health Park,West Sacramento,$81
Chicago White Sox at Philadelphia Phillies (Miller Lite Phillies Floppy Hat Giveaway),6/5/2026,Philadelphia Phillies,Citizens Bank Park,Philadelphia,$80
Chicago Cubs at Boston Red Sox,9/27/2026,Boston Red Sox,Fenway Park,Boston,$80
Boston Red Sox at Los Angeles Dodgers,8/2/2026,Los Angeles Dodgers,Uniqlo Field at Dodger Stadium,Los Angeles,$80
Chicago White Sox at Philadelphia Phillies,6/6/2026,Philadelphia Phillies,Citizens Bank Park,Philadelphia,$79
Philadelphia Phillies at Baltimore Orioles,8/2/2026,Baltimore Orioles,Oriole Park at Camden Yards,Baltimore,$79
San Francisco Giants at Boston Red Sox,8/22/2026,Boston Red Sox,Fenway Park,Boston,$78
Cincinnati Reds at Chicago Cubs,8/29/2026,Chicago Cubs,Wrigley Field,Chicago,$78
New York Mets at New York Yankees,9/13/2026,New York Yankees,Yankee Stadium,Bronx,$77
San Diego Padres at Los Angeles Dodgers,7/5/2026,Los Angeles Dodgers,Uniqlo Field at Dodger Stadium,Los Angeles,$77
Chicago White Sox at Chicago Cubs,8/18/2026,Chicago Cubs,Wrigley Field,Chicago,$75
Chicago White Sox at Chicago Cubs,8/17/2026,Chicago Cubs,Wrigley Field,Chicago,$75
New York Yankees at Athletics (Beach Towel Giveaway),5/30/2026,Athletics,Sutter Health Park,West Sacramento,$75
San Francisco Giants at Boston Red Sox,8/21/2026,Boston Red Sox,Fenway Park,Boston,$74
Tampa Bay Rays at Seattle Mariners,8/8/2026,Seattle Mariners,T-Mobile Park,Seattle,$74
St. Louis Cardinals at Philadelphia Phillies,8/21/2026,Philadelphia Phillies,Citizens Bank Park,Philadelphia,$74
Chicago Cubs at Seattle Mariners,8/22/2026,Seattle Mariners,T-Mobile Park,Seattle,$74
New York Yankees at Philadelphia Phillies (Kids Philadelphia Water Ice Phanatic Cap),7/26/2026,Philadelphia Phillies,Citizens Bank Park,Philadelphia,$73
Tampa Bay Rays at Boston Red Sox,7/19/2026,Boston Red Sox,Fenway Park,Boston,$73
San Diego Padres at Los Angeles Dodgers,9/24/2026,Los Angeles Dodgers,Uniqlo Field at Dodger Stadium,Los Angeles,$73
St. Louis Cardinals at Chicago Cubs (Clark the Cub Building Block Set Giveaway),7/5/2026,Chicago Cubs,Wrigley Field,Chicago,$73
Seattle Mariners at Los Angeles Dodgers,7/29/2026,Los Angeles Dodgers,Uniqlo Field at Dodger Stadium,Los Angeles,$73
Arizona Diamondbacks at Los Angeles Dodgers,7/11/2026,Los Angeles Dodgers,Uniqlo Field at Dodger Stadium,Los Angeles,$73
Tampa Bay Rays at Los Angeles Dodgers,6/16/2026,Los Angeles Dodgers,Uniqlo Field at Dodger Stadium,Los Angeles,$73
Los Angeles Angels at San Francisco Giants (Vintage Button-up Giveaway),7/25/2026,San Francisco Giants,Oracle Park,San Francisco,$73
Toronto Blue Jays at Seattle Mariners (Patriotic Bucket Hat Giveaway),7/4/2026,Seattle Mariners,T-Mobile Park,Seattle,$73
San Francisco Giants at Los Angeles Dodgers,9/20/2026,Los Angeles Dodgers,Uniqlo Field at Dodger Stadium,Los Angeles,$73
Texas Rangers at Athletics (Shea Langeliers Bobblehead Giveaway),8/15/2026,Athletics,Sutter Health Park,West Sacramento,$72
Texas Rangers at Boston Red Sox,6/12/2026,Boston Red Sox,Fenway Park,Boston,$72
New York Mets at Philadelphia Phillies,7/18/2026,Philadelphia Phillies,Citizens Bank Park,Philadelphia,$71
St. Louis Cardinals at Chicago Cubs,8/16/2026,Chicago Cubs,Wrigley Field,Chicago,$71
San Francisco Giants at Los Angeles Dodgers,9/18/2026,Los Angeles Dodgers,Uniqlo Field at Dodger Stadium,Los Angeles,$71
Milwaukee Brewers at Los Angeles Dodgers,8/15/2026,Los Angeles Dodgers,Uniqlo Field at Dodger Stadium,Los Angeles,$71
San Francisco Giants at Boston Red Sox,8/23/2026,Boston Red Sox,Fenway Park,Boston,$70
Athletics at Boston Red Sox,8/8/2026,Boston Red Sox,Fenway Park,Boston,$70
Los Angeles Dodgers at Philadelphia Phillies,7/21/2026,Philadelphia Phillies,Citizens Bank Park,Philadelphia,$70
Minnesota Twins at Milwaukee Brewers,8/8/2026,Milwaukee Brewers,American Family Field,Milwaukee,$70
Kansas City Royals at Los Angeles Dodgers,8/10/2026,Los Angeles Dodgers,Uniqlo Field at Dodger Stadium,Los Angeles,$70
New York Yankees at Athletics,5/29/2026,Athletics,Sutter Health Park,West Sacramento,$69
New York Mets at Atlanta Braves,7/4/2026,Atlanta Braves,Truist Park,Atlanta,$69
New York Yankees at Washington Nationals,7/11/2026,Washington Nationals,Nationals Park,Washington DC,$69
Colorado Rockies at San Francisco Giants (Hello Kitty Funko POP! Giveaway),8/16/2026,San Francisco Giants,Oracle Park,San Francisco,$69
Los Angeles Dodgers at Philadelphia Phillies,7/20/2026,Philadelphia Phillies,Citizens Bank Park,Philadelphia,$68
Boston Red Sox at New York Yankees,8/29/2026,New York Yankees,Yankee Stadium,Bronx,$68
Cincinnati Reds at New York Yankees (Aaron Judge MVP Bobblehead Day),6/20/2026,New York Yankees,Yankee Stadium,Bronx,$68
St. Louis Cardinals at Los Angeles Dodgers,9/2/2026,Los Angeles Dodgers,Uniqlo Field at Dodger Stadium,Los Angeles,$67
Chicago Cubs at Milwaukee Brewers,6/28/2026,Milwaukee Brewers,American Family Field,Milwaukee,$67
Los Angeles Dodgers at Philadelphia Phillies,7/22/2026,Philadelphia Phillies,Citizens Bank Park,Philadelphia,$67
New York Mets at Philadelphia Phillies,6/20/2026,Philadelphia Phillies,Citizens Bank Park,Philadelphia,$67
Toronto Blue Jays at Seattle Mariners,7/3/2026,Seattle Mariners,T-Mobile Park,Seattle,$67
New York Mets at Philadelphia Phillies,6/18/2026,Philadelphia Phillies,Citizens Bank Park,Philadelphia,$66
Chicago Cubs at Kansas City Royals (Royal-Tees Giveaway),8/8/2026,Kansas City Royals,Kauffman Stadium,Kansas City,$66
Pittsburgh Pirates at Los Angeles Dodgers,8/23/2026,Los Angeles Dodgers,Uniqlo Field at Dodger Stadium,Los Angeles,$66
Los Angeles Angels at Los Angeles Dodgers,6/7/2026,Los Angeles Dodgers,Uniqlo Field at Dodger Stadium,Los Angeles,$66
New York Yankees at Toronto Blue Jays,8/15/2026,Toronto Blue Jays,Rogers Centre,Toronto,$66
Chicago White Sox at Toronto Blue Jays (World Series Replica Rings Giveaway),7/18/2026,Toronto Blue Jays,Rogers Centre,Toronto,$66
Philadelphia Phillies at Baltimore Orioles,8/1/2026,Baltimore Orioles,Oriole Park at Camden Yards,Baltimore,$66
St. Louis Cardinals at Philadelphia Phillies,8/22/2026,Philadelphia Phillies,Citizens Bank Park,Philadelphia,$65
Chicago Cubs at Milwaukee Brewers,6/26/2026,Milwaukee Brewers,American Family Field,Milwaukee,$65
Los Angeles Angels at Athletics,6/19/2026,Athletics,Sutter Health Park,West Sacramento,$65
Toronto Blue Jays at Boston Red Sox,6/18/2026,Boston Red Sox,Fenway Park,Boston,$65
Colorado Rockies at San Francisco Giants (Gigantes Aloha Shirt Giveaway),7/11/2026,San Francisco Giants,Oracle Park,San Francisco,$65
Arizona Diamondbacks at Los Angeles Dodgers,7/10/2026,Los Angeles Dodgers,Uniqlo Field at Dodger Stadium,Los Angeles,$65
Atlanta Braves at San Francisco Giants (Rafael Devers Bobblehead Giveaway),6/27/2026,San Francisco Giants,Oracle Park,San Francisco,$64
Chicago White Sox at Philadelphia Phillies,6/7/2026,Philadelphia Phillies,Citizens Bank Park,Philadelphia,$64
Chicago Cubs at Seattle Mariners,8/21/2026,Seattle Mariners,T-Mobile Park,Seattle,$64
Washington Nationals at Boston Red Sox,7/1/2026,Boston Red Sox,Fenway Park,Boston,$63
Los Angeles Angels at Tampa Bay Rays (Cole Swindell Postgame Concert),5/30/2026,Tampa Bay Rays,Tropicana Field,Saint Petersburg,$62
Boston Red Sox at New York Yankees,6/7/2026,New York Yankees,Yankee Stadium,Bronx,$62
Athletics at Boston Red Sox,8/9/2026,Boston Red Sox,Fenway Park,Boston,$62
New York Mets at Philadelphia Phillies,6/21/2026,Philadelphia Phillies,Citizens Bank Park,Philadelphia,$62
Houston Astros at Athletics (Fan Appreciation Mystery Item Giveaway),9/26/2026,Athletics,Sutter Health Park,West Sacramento,$61
Washington Nationals at Los Angeles Dodgers,9/4/2026,Los Angeles Dodgers,Uniqlo Field at Dodger Stadium,Los Angeles,$61
Minnesota Twins at Chicago Cubs,7/19/2026,Chicago Cubs,Wrigley Field,Chicago,$61
New York Yankees at Athletics,5/31/2026,Athletics,Sutter Health Park,West Sacramento,$61
Los Angeles Dodgers at Detroit Tigers,8/29/2026,Detroit Tigers,Comerica Park,Detroit,$61
Colorado Rockies at Los Angeles Dodgers,5/26/2026,Los Angeles Dodgers,Uniqlo Field at Dodger Stadium,Los Angeles,$61
Toronto Blue Jays at Philadelphia Phillies,8/8/2026,Philadelphia Phillies,Citizens Bank Park,Philadelphia,$60
Chicago Cubs at Seattle Mariners (10s Pin Giveaway),8/23/2026,Seattle Mariners,T-Mobile Park,Seattle,$60
Colorado Rockies at San Francisco Giants (Gigantes Sweatshirt Giveaway),8/15/2026,San Francisco Giants,Oracle Park,San Francisco,$60
New York Yankees at Toronto Blue Jays,8/16/2026,Toronto Blue Jays,Rogers Centre,Toronto,$60
New York Yankees at Tampa Bay Rays,7/8/2026,Tampa Bay Rays,Tropicana Field,Saint Petersburg,$60
New York Yankees at Tampa Bay Rays,7/7/2026,Tampa Bay Rays,Tropicana Field,Saint Petersburg,$60
Philadelphia Phillies at Los Angeles Dodgers,5/29/2026,Los Angeles Dodgers,Uniqlo Field at Dodger Stadium,Los Angeles,$60
Chicago White Sox at Boston Red Sox,8/4/2026,Boston Red Sox,Fenway Park,Boston,$59
Houston Astros at Athletics,9/25/2026,Athletics,Sutter Health Park,West Sacramento,$59
Milwaukee Brewers at Los Angeles Dodgers,8/16/2026,Los Angeles Dodgers,Uniqlo Field at Dodger Stadium,Los Angeles,$59
New York Yankees at Tampa Bay Rays,7/6/2026,Tampa Bay Rays,Tropicana Field,Saint Petersburg,$59
Philadelphia Phillies at Baltimore Orioles,7/31/2026,Baltimore Orioles,Oriole Park at Camden Yards,Baltimore,$59
Colorado Rockies at San Francisco Giants (SpongeBob SquarePants Hat Giveaway),7/12/2026,San Francisco Giants,Oracle Park,San Francisco,$59
Atlanta Braves at San Francisco Giants (Camo T-Shirt Giveaway),6/28/2026,San Francisco Giants,Oracle Park,San Francisco,$59
Seattle Mariners at Boston Red Sox,8/31/2026,Boston Red Sox,Fenway Park,Boston,$58
Athletics at Boston Red Sox,8/7/2026,Boston Red Sox,Fenway Park,Boston,$58
Seattle Mariners at Tampa Bay Rays,7/11/2026,Tampa Bay Rays,Tropicana Field,Saint Petersburg,$57
Washington Nationals at Los Angeles Dodgers,9/6/2026,Los Angeles Dodgers,Uniqlo Field at Dodger Stadium,Los Angeles,$57
St. Louis Cardinals at Kansas City Royals (World Cup Scarf Giveaway),6/19/2026,Kansas City Royals,Kauffman Stadium,Kansas City,$57
New York Yankees at Toronto Blue Jays,8/14/2026,Toronto Blue Jays,Rogers Centre,Toronto,$57
Los Angeles Dodgers at Detroit Tigers,8/30/2026,Detroit Tigers,Comerica Park,Detroit,$57
Los Angeles Angels at San Francisco Giants (Matt Chapman T-shirt Giveaway),7/26/2026,San Francisco Giants,Oracle Park,San Francisco,$57
Philadelphia Phillies at Los Angeles Dodgers,5/31/2026,Los Angeles Dodgers,Uniqlo Field at Dodger Stadium,Los Angeles,$57
New York Mets at Philadelphia Phillies,7/19/2026,Philadelphia Phillies,Citizens Bank Park,Philadelphia,$57
Athletics at San Francisco Giants,6/23/2026,San Francisco Giants,Oracle Park,San Francisco,$57
Colorado Rockies at Los Angeles Dodgers,7/7/2026,Los Angeles Dodgers,Uniqlo Field at Dodger Stadium,Los Angeles,$57
San Francisco Giants at Chicago Cubs (Wrigley Field Replica Ballpark Giveaway),6/7/2026,Chicago Cubs,Wrigley Field,Chicago,$57
New York Yankees at Toronto Blue Jays,6/13/2026,Toronto Blue Jays,Rogers Centre,Toronto,$56
Atlanta Braves at Houston Astros,9/19/2026,Houston Astros,Daikin Park,Houston,$56
San Diego Padres at San Francisco Giants (Logan Webb Football Jersey Giveaway),9/13/2026,San Francisco Giants,Oracle Park,San Francisco,$56
Detroit Tigers at San Francisco Giants (Poster Giveaway),8/8/2026,San Francisco Giants,Oracle Park,San Francisco,$56
Athletics at San Francisco Giants,6/25/2026,San Francisco Giants,Oracle Park,San Francisco,$56
Boston Red Sox at New York Yankees,6/5/2026,New York Yankees,Yankee Stadium,Bronx,$56
Pittsburgh Pirates at Philadelphia Phillies,6/30/2026,Philadelphia Phillies,Citizens Bank Park,Philadelphia,$55
Detroit Tigers at San Francisco Giants (Corduroy Hat Giveaway),8/9/2026,San Francisco Giants,Oracle Park,San Francisco,$55
Arizona Diamondbacks at San Francisco Giants (Hall of Fame Replica Ring Giveaway),8/29/2026,San Francisco Giants,Oracle Park,San Francisco,$55
Colorado Rockies at Los Angeles Dodgers,5/27/2026,Los Angeles Dodgers,Uniqlo Field at Dodger Stadium,Los Angeles,$55
Seattle Mariners at Tampa Bay Rays,7/12/2026,Tampa Bay Rays,Tropicana Field,Saint Petersburg,$55
Miami Marlins at Athletics,7/4/2026,Athletics,Sutter Health Park,West Sacramento,$55
Chicago Cubs at Kansas City Royals (City Connect Replica Jersey Giveaway),8/7/2026,Kansas City Royals,Kauffman Stadium,Kansas City,$55
St. Louis Cardinals at Los Angeles Dodgers,9/3/2026,Los Angeles Dodgers,Uniqlo Field at Dodger Stadium,Los Angeles,$55
Toronto Blue Jays at Boston Red Sox,6/17/2026,Boston Red Sox,Fenway Park,Boston,$54
Toronto Blue Jays at New York Yankees (Hello Kitty Bobblehead Day),8/22/2026,New York Yankees,Yankee Stadium,Bronx,$54
Toronto Blue Jays at Seattle Mariners,7/5/2026,Seattle Mariners,T-Mobile Park,Seattle,$54
Tampa Bay Rays at Los Angeles Dodgers,6/17/2026,Los Angeles Dodgers,Uniqlo Field at Dodger Stadium,Los Angeles,$54
Chicago White Sox at St. Louis Cardinals (Baseball Card Bobblehead Giveaway),9/12/2026,St. Louis Cardinals,Busch Stadium,St. Louis,$54
Milwaukee Brewers at Los Angeles Dodgers,8/13/2026,Los Angeles Dodgers,Uniqlo Field at Dodger Stadium,Los Angeles,$54
Chicago White Sox at Boston Red Sox,8/5/2026,Boston Red Sox,Fenway Park,Boston,$53
Baltimore Orioles at Boston Red Sox,7/20/2026,Boston Red Sox,Fenway Park,Boston,$53
Tampa Bay Rays at Boston Red Sox (Rescheduled from 5/9),7/17/2026,Boston Red Sox,Fenway Park,Boston,$53
Baltimore Orioles at New York Yankees (CC Sabathia Night),9/26/2026,New York Yankees,Yankee Stadium,Bronx,$53
Tampa Bay Rays at Seattle Mariners,8/7/2026,Seattle Mariners,T-Mobile Park,Seattle,$53
Pittsburgh Pirates at Chicago Cubs,9/12/2026,Chicago Cubs,Wrigley Field,Chicago,$53
Cincinnati Reds at Chicago Cubs (Harry Caray Bobblehead Giveaway),8/30/2026,Chicago Cubs,Wrigley Field,Chicago,$53
St. Louis Cardinals at Los Angeles Dodgers,9/1/2026,Los Angeles Dodgers,Uniqlo Field at Dodger Stadium,Los Angeles,$53
New York Yankees at Washington Nationals,7/12/2026,Washington Nationals,Nationals Park,Washington DC,$53
San Diego Padres at San Francisco Giants (Willy Adames Long Sleeve Jersey Giveaway),9/12/2026,San Francisco Giants,Oracle Park,San Francisco,$53
Detroit Tigers at Chicago Cubs (2016 World Series Anniversary Surprise Pin Giveaway),7/22/2026,Chicago Cubs,Wrigley Field,Chicago,$53
Chicago Cubs at San Francisco Giants (Soccer Jersey Giveaway),6/13/2026,San Francisco Giants,Oracle Park,San Francisco,$53
Atlanta Braves at Houston Astros,9/18/2026,Houston Astros,Daikin Park,Houston,$53
Houston Astros at Athletics,9/27/2026,Athletics,Sutter Health Park,West Sacramento,$53
Boston Red Sox at New York Yankees,8/28/2026,New York Yankees,Yankee Stadium,Bronx,$53
Pittsburgh Pirates at Cleveland Guardians,7/17/2026,Cleveland Guardians,Progressive Field,Cleveland,$53
Chicago White Sox at Cleveland Guardians (Patriotic Hat Giveaway),7/4/2026,Cleveland Guardians,Progressive Field,Cleveland,$53
Seattle Mariners at Cleveland Guardians (Tanner Bibee City Connect Jersey Giveaway),6/27/2026,Cleveland Guardians,Progressive Field,Cleveland,$53
Los Angeles Angels at Pittsburgh Pirates (T-Shirt Giveaway),9/5/2026,Pittsburgh Pirates,PNC Park,Pittsburgh,$52
Kansas City Royals at Boston Red Sox,9/12/2026,Boston Red Sox,Fenway Park,Boston,$52
Atlanta Braves at San Diego Padres (Western Snapback Hat Giveaway),6/22/2026,San Diego Padres,PETCO Park,San Diego,$52
Kansas City Royals at Pittsburgh Pirates,9/18/2026,Pittsburgh Pirates,PNC Park,Pittsburgh,$52
Boston Red Sox at New York Yankees,8/30/2026,New York Yankees,Yankee Stadium,Bronx,$52
Boston Red Sox at Seattle Mariners,6/21/2026,Seattle Mariners,T-Mobile Park,Seattle,$52
Cincinnati Reds at Los Angeles Dodgers,9/9/2026,Los Angeles Dodgers,Uniqlo Field at Dodger Stadium,Los Angeles,$52
Cincinnati Reds at Los Angeles Dodgers,9/8/2026,Los Angeles Dodgers,Uniqlo Field at Dodger Stadium,Los Angeles,$52
Seattle Mariners at Los Angeles Dodgers,7/30/2026,Los Angeles Dodgers,Uniqlo Field at Dodger Stadium,Los Angeles,$52
Baltimore Orioles at New York Mets,9/14/2026,New York Mets,Citi Field,Flushing,$51
New York Yankees at Washington Nationals (Marvels Captain America Bobblehead Giveaway),7/10/2026,Washington Nationals,Nationals Park,Washington DC,$51
Seattle Mariners at Toronto Blue Jays,8/29/2026,Toronto Blue Jays,Rogers Centre,Toronto,$51
Los Angeles Dodgers at Detroit Tigers,8/28/2026,Detroit Tigers,Comerica Park,Detroit,$51
Atlanta Braves at Baltimore Orioles (Birdland Hawaiian Shirt Giveaway),7/25/2026,Baltimore Orioles,Oriole Park at Camden Yards,Baltimore,$51
Cincinnati Reds at Los Angeles Dodgers,9/7/2026,Los Angeles Dodgers,Uniqlo Field at Dodger Stadium,Los Angeles,$51
Kansas City Royals at Los Angeles Dodgers,8/11/2026,Los Angeles Dodgers,Uniqlo Field at Dodger Stadium,Los Angeles,$51
Milwaukee Brewers at Pittsburgh Pirates,9/15/2026,Pittsburgh Pirates,PNC Park,Pittsburgh,$51
New York Mets at Pittsburgh Pirates (Kids Puzzle Giveaway),8/9/2026,Pittsburgh Pirates,PNC Park,Pittsburgh,$51
New York Mets at Pittsburgh Pirates (T-Shirt Giveaway),8/8/2026,Pittsburgh Pirates,PNC Park,Pittsburgh,$51
Pittsburgh Pirates at Cleveland Guardians,7/19/2026,Cleveland Guardians,Progressive Field,Cleveland,$51
Los Angeles Dodgers at Arizona Diamondbacks,6/1/2026,Arizona Diamondbacks,Chase Field,Phoenix,$51
Boston Red Sox at Tampa Bay Rays,9/19/2026,Tampa Bay Rays,Tropicana Field,Saint Petersburg,$51
Chicago White Sox at Boston Red Sox,8/6/2026,Boston Red Sox,Fenway Park,Boston,$50
San Francisco Giants at San Diego Padres,8/1/2026,San Diego Padres,PETCO Park,San Diego,$50
Pittsburgh Pirates at Philadelphia Phillies,7/1/2026,Philadelphia Phillies,Citizens Bank Park,Philadelphia,$50
Toronto Blue Jays at Boston Red Sox,6/16/2026,Boston Red Sox,Fenway Park,Boston,$50
Seattle Mariners at Athletics (Athletics Hall of Fame Ceremony),9/12/2026,Athletics,Sutter Health Park,West Sacramento,$50
San Diego Padres at San Francisco Giants,9/11/2026,San Francisco Giants,Oracle Park,San Francisco,$50
Atlanta Braves at New York Yankees (Old Timers Day),8/8/2026,New York Yankees,Yankee Stadium,Bronx,$50
Los Angeles Angels at San Francisco Giants,7/24/2026,San Francisco Giants,Oracle Park,San Francisco,$50
Philadelphia Phillies at New York Mets,9/19/2026,New York Mets,Citi Field,Flushing,$50
Detroit Tigers at Chicago Cubs,7/20/2026,Chicago Cubs,Wrigley Field,Chicago,$50
Pittsburgh Pirates at Cleveland Guardians (Jose Ramirez Camp Shirt Giveaway),7/18/2026,Cleveland Guardians,Progressive Field,Cleveland,$50
Boston Red Sox at Pittsburgh Pirates (T-Shirt Giveaway),8/14/2026,Pittsburgh Pirates,PNC Park,Pittsburgh,$50
Detroit Tigers at Athletics (Marvel Day/Nick Kurtz Superhero Poster Giveaway),8/1/2026,Athletics,Sutter Health Park,West Sacramento,$50
Arizona Diamondbacks at Boston Red Sox,8/17/2026,Boston Red Sox,Fenway Park,Boston,$49
Cincinnati Reds at Chicago Cubs,8/28/2026,Chicago Cubs,Wrigley Field,Chicago,$49
Boston Red Sox at Seattle Mariners,6/20/2026,Seattle Mariners,T-Mobile Park,Seattle,$49
St. Louis Cardinals at Toronto Blue Jays,8/1/2026,Toronto Blue Jays,Rogers Centre,Toronto,$49
Atlanta Braves at Baltimore Orioles (Birdland Hawaiian Shirt Giveaway),7/24/2026,Baltimore Orioles,Oriole Park at Camden Yards,Baltimore,$49
Minnesota Twins at Arizona Diamondbacks,6/21/2026,Arizona Diamondbacks,Chase Field,Phoenix,$49
Toronto Blue Jays at Athletics,9/7/2026,Athletics,Sutter Health Park,West Sacramento,$49
Boston Red Sox at Pittsburgh Pirates,8/16/2026,Pittsburgh Pirates,PNC Park,Pittsburgh,$49
Detroit Tigers at Athletics,7/31/2026,Athletics,Sutter Health Park,West Sacramento,$49
Washington Nationals at Athletics (Short Sleeve Hoodie Giveaway),7/18/2026,Athletics,Sutter Health Park,West Sacramento,$49
Minnesota Twins at New York Yankees (Fireworks Night),7/3/2026,New York Yankees,Yankee Stadium,Bronx,$49
Chicago White Sox at Cleveland Guardians (Free Shirt Friday),7/3/2026,Cleveland Guardians,Progressive Field,Cleveland,$49
Seattle Mariners at Cleveland Guardians,6/26/2026,Cleveland Guardians,Progressive Field,Cleveland,$49
Detroit Tigers at Cleveland Guardians (Free Shirt Friday),6/12/2026,Cleveland Guardians,Progressive Field,Cleveland,$49
Baltimore Orioles at Tampa Bay Rays (Jordan Davis Postgame Concert),8/15/2026,Tampa Bay Rays,Tropicana Field,Saint Petersburg,$49
Atlanta Braves at Philadelphia Phillies,9/5/2026,Philadelphia Phillies,Citizens Bank Park,Philadelphia,$48
St. Louis Cardinals at San Francisco Giants,9/7/2026,San Francisco Giants,Oracle Park,San Francisco,$48
Chicago Cubs at Milwaukee Brewers,9/7/2026,Milwaukee Brewers,American Family Field,Milwaukee,$48
Detroit Tigers at San Francisco Giants,8/7/2026,San Francisco Giants,Oracle Park,San Francisco,$48
Colorado Rockies at San Francisco Giants,7/10/2026,San Francisco Giants,Oracle Park,San Francisco,$48
Athletics at San Francisco Giants,6/24/2026,San Francisco Giants,Oracle Park,San Francisco,$48
St. Louis Cardinals at Kansas City Royals,6/18/2026,Kansas City Royals,Kauffman Stadium,Kansas City,$48
San Diego Padres at Chicago Cubs,7/1/2026,Chicago Cubs,Wrigley Field,Chicago,$48
Miami Marlins at Toronto Blue Jays,5/27/2026,Toronto Blue Jays,Rogers Centre,Toronto,$48
Colorado Rockies at San Diego Padres (Poncho Giveaway),7/28/2026,San Diego Padres,PETCO Park,San Diego,$48
Kansas City Royals at Pittsburgh Pirates,9/20/2026,Pittsburgh Pirates,PNC Park,Pittsburgh,$48
Los Angeles Angels at Pittsburgh Pirates,9/4/2026,Pittsburgh Pirates,PNC Park,Pittsburgh,$48
Los Angeles Dodgers at Atlanta Braves,8/27/2026,Atlanta Braves,Truist Park,Atlanta,$48
Miami Marlins at Milwaukee Brewers,7/18/2026,Milwaukee Brewers,American Family Field,Milwaukee,$48
Atlanta Braves at Philadelphia Phillies,9/4/2026,Philadelphia Phillies,Citizens Bank Park,Philadelphia,$48
Texas Rangers at Toronto Blue Jays,6/27/2026,Toronto Blue Jays,Rogers Centre,Toronto,$47
New York Yankees at Toronto Blue Jays,6/14/2026,Toronto Blue Jays,Rogers Centre,Toronto,$47
New York Yankees at Toronto Blue Jays,6/12/2026,Toronto Blue Jays,Rogers Centre,Toronto,$47
Boston Red Sox at Athletics,7/30/2026,Athletics,Sutter Health Park,West Sacramento,$47
Boston Red Sox at Athletics,7/29/2026,Athletics,Sutter Health Park,West Sacramento,$47
Boston Red Sox at Athletics,7/28/2026,Athletics,Sutter Health Park,West Sacramento,$47
Boston Red Sox at Athletics,7/27/2026,Athletics,Sutter Health Park,West Sacramento,$47
Los Angeles Angels at Athletics,6/21/2026,Athletics,Sutter Health Park,West Sacramento,$47
Kansas City Royals at Boston Red Sox,9/13/2026,Boston Red Sox,Fenway Park,Boston,$47
Baltimore Orioles at Boston Red Sox,7/22/2026,Boston Red Sox,Fenway Park,Boston,$47
Colorado Rockies at San Francisco Giants,8/14/2026,San Francisco Giants,Oracle Park,San Francisco,$47
Houston Astros at New York Yankees (George Costanza Calzone Bobblehead Night),8/27/2026,New York Yankees,Yankee Stadium,Bronx,$47
San Francisco Giants at Seattle Mariners,7/17/2026,Seattle Mariners,T-Mobile Park,Seattle,$47
Atlanta Braves at Milwaukee Brewers,8/22/2026,Milwaukee Brewers,American Family Field,Milwaukee,$47
San Diego Padres at Cleveland Guardians,8/14/2026,Cleveland Guardians,Progressive Field,Cleveland,$47
Cleveland Guardians at Tampa Bay Rays,7/25/2026,Tampa Bay Rays,Tropicana Field,Saint Petersburg,$46
Los Angeles Angels at Pittsburgh Pirates (Kids Backpack Giveaway),9/6/2026,Pittsburgh Pirates,PNC Park,Pittsburgh,$46
Boston Red Sox at Pittsburgh Pirates,8/15/2026,Pittsburgh Pirates,PNC Park,Pittsburgh,$46
San Francisco Giants at Seattle Mariners (00s Pin Giveaway),7/19/2026,Seattle Mariners,T-Mobile Park,Seattle,$46
Arizona Diamondbacks at Cleveland Guardians (Cade Smith Bobblehead Giveaway),8/1/2026,Cleveland Guardians,Progressive Field,Cleveland,$46
Boston Red Sox at Cleveland Guardians,5/29/2026,Cleveland Guardians,Progressive Field,Cleveland,$46
Arizona Diamondbacks at San Francisco Giants (Jung Hoo Lee Bobblehead Giveaway),8/30/2026,San Francisco Giants,Oracle Park,San Francisco,$46
Toronto Blue Jays at Philadelphia Phillies,8/9/2026,Philadelphia Phillies,Citizens Bank Park,Philadelphia,$45
Baltimore Orioles at Boston Red Sox,7/21/2026,Boston Red Sox,Fenway Park,Boston,$45
Tampa Bay Rays at Seattle Mariners (50 Seasons Pin Giveaway),8/9/2026,Seattle Mariners,T-Mobile Park,Seattle,$45
San Francisco Giants at Seattle Mariners,7/18/2026,Seattle Mariners,T-Mobile Park,Seattle,$45
Atlanta Braves at San Francisco Giants,6/26/2026,San Francisco Giants,Oracle Park,San Francisco,$45
Seattle Mariners at Tampa Bay Rays,7/10/2026,Tampa Bay Rays,Tropicana Field,Saint Petersburg,$45
New York Mets at Pittsburgh Pirates,8/7/2026,Pittsburgh Pirates,PNC Park,Pittsburgh,$45
San Diego Padres at Cleveland Guardians (City Connect Sling Bag Giveaway),8/15/2026,Cleveland Guardians,Progressive Field,Cleveland,$45
Arizona Diamondbacks at Cleveland Guardians,7/31/2026,Cleveland Guardians,Progressive Field,Cleveland,$45
Washington Nationals at Philadelphia Phillies,8/3/2026,Philadelphia Phillies,Citizens Bank Park,Philadelphia,$45
Texas Rangers at Athletics,8/14/2026,Athletics,Sutter Health Park,West Sacramento,$45
Philadelphia Phillies at Milwaukee Brewers,6/13/2026,Milwaukee Brewers,American Family Field,Milwaukee,$44
Detroit Tigers at Texas Rangers,7/4/2026,Texas Rangers,Globe Life Field,Arlington,$44
Pittsburgh Pirates at Philadelphia Phillies,7/2/2026,Philadelphia Phillies,Citizens Bank Park,Philadelphia,$44
Washington Nationals at Boston Red Sox,6/30/2026,Boston Red Sox,Fenway Park,Boston,$44
San Francisco Giants at Colorado Rockies,7/3/2026,Colorado Rockies,Coors Field,Denver,$44
Baltimore Orioles at Boston Red Sox,6/4/2026,Boston Red Sox,Fenway Park,Boston,$44
Los Angeles Dodgers at Atlanta Braves,8/25/2026,Atlanta Braves,Truist Park,Atlanta,$44
Atlanta Braves at St. Louis Cardinals (David Eckstein Bobblehead Giveaway),7/11/2026,St. Louis Cardinals,Busch Stadium,St. Louis,$44
San Diego Padres at Tampa Bay Rays,8/29/2026,Tampa Bay Rays,Tropicana Field,Saint Petersburg,$44
Seattle Mariners at Athletics,9/13/2026,Athletics,Sutter Health Park,West Sacramento,$44
Los Angeles Dodgers at Miami Marlins,9/12/2026,Miami Marlins,loanDepot Park,Miami,$44
Detroit Tigers at Pittsburgh Pirates,8/19/2026,Pittsburgh Pirates,PNC Park,Pittsburgh,$44
Detroit Tigers at Pittsburgh Pirates,8/18/2026,Pittsburgh Pirates,PNC Park,Pittsburgh,$44
Boston Red Sox at Toronto Blue Jays (Figurine Giveaway),8/10/2026,Toronto Blue Jays,Rogers Centre,Toronto,$43
St. Louis Cardinals at Toronto Blue Jays,8/2/2026,Toronto Blue Jays,Rogers Centre,Toronto,$43
Chicago White Sox at Toronto Blue Jays,7/19/2026,Toronto Blue Jays,Rogers Centre,Toronto,$43
Texas Rangers at Toronto Blue Jays,6/26/2026,Toronto Blue Jays,Rogers Centre,Toronto,$43
Miami Marlins at Toronto Blue Jays,5/26/2026,Toronto Blue Jays,Rogers Centre,Toronto,$43
Tampa Bay Rays at Philadelphia Phillies,9/27/2026,Philadelphia Phillies,Citizens Bank Park,Philadelphia,$43
Washington Nationals at San Diego Padres (Tatis City Connect Bobblehead Giveaway),9/8/2026,San Diego Padres,PETCO Park,San Diego,$43
New York Mets at Philadelphia Phillies,7/16/2026,Philadelphia Phillies,Citizens Bank Park,Philadelphia,$43
Houston Astros at Athletics,9/24/2026,Athletics,Sutter Health Park,West Sacramento,$43
Baltimore Orioles at Boston Red Sox,6/3/2026,Boston Red Sox,Fenway Park,Boston,$43
New York Mets at San Diego Padres,6/5/2026,San Diego Padres,PETCO Park,San Diego,$43
Kansas City Royals at Pittsburgh Pirates,9/19/2026,Pittsburgh Pirates,PNC Park,Pittsburgh,$43
Milwaukee Brewers at Pittsburgh Pirates,9/17/2026,Pittsburgh Pirates,PNC Park,Pittsburgh,$43
Baltimore Orioles at Athletics,8/28/2026,Athletics,Sutter Health Park,West Sacramento,$43
Boston Red Sox at Baltimore Orioles,9/5/2026,Baltimore Orioles,Oriole Park at Camden Yards,Baltimore,$43
Arizona Diamondbacks at San Francisco Giants,8/28/2026,San Francisco Giants,Oracle Park,San Francisco,$43
Atlanta Braves at New York Yankees,8/7/2026,New York Yankees,Yankee Stadium,Bronx,$43
Detroit Tigers at Chicago Cubs,7/21/2026,Chicago Cubs,Wrigley Field,Chicago,$43
Washington Nationals at Arizona Diamondbacks,6/6/2026,Arizona Diamondbacks,Chase Field,Phoenix,$43
Chicago Cubs at St. Louis Cardinals,5/30/2026,St. Louis Cardinals,Busch Stadium,St. Louis,$43
Chicago Cubs at St. Louis Cardinals (Jordan Davis Postgame Concert),5/29/2026,St. Louis Cardinals,Busch Stadium,St. Louis,$43
Houston Astros at Texas Rangers,7/11/2026,Texas Rangers,Globe Life Field,Arlington,$43
New York Mets at Tampa Bay Rays,8/31/2026,Tampa Bay Rays,Tropicana Field,Saint Petersburg,$43
St. Louis Cardinals at Pittsburgh Pirates,9/24/2026,Pittsburgh Pirates,PNC Park,Pittsburgh,$43
San Francisco Giants at Pittsburgh Pirates,9/3/2026,Pittsburgh Pirates,PNC Park,Pittsburgh,$43
Detroit Tigers at Pittsburgh Pirates,8/17/2026,Pittsburgh Pirates,PNC Park,Pittsburgh,$43
Seattle Mariners at Pittsburgh Pirates,6/23/2026,Pittsburgh Pirates,PNC Park,Pittsburgh,$43
Los Angeles Dodgers at Pittsburgh Pirates,6/10/2026,Pittsburgh Pirates,PNC Park,Pittsburgh,$43
Boston Red Sox at New York Mets,7/12/2026,New York Mets,Citi Field,Flushing,$43
Boston Red Sox at New York Mets,7/11/2026,New York Mets,Citi Field,Flushing,$43
Detroit Tigers at Cleveland Guardians (Gavin Williams Bobblehead Giveaway),6/13/2026,Cleveland Guardians,Progressive Field,Cleveland,$43
New York Yankees at Cleveland Guardians,6/10/2026,Cleveland Guardians,Progressive Field,Cleveland,$43
New York Yankees at Cleveland Guardians,6/8/2026,Cleveland Guardians,Progressive Field,Cleveland,$43
Tampa Bay Rays at Philadelphia Phillies,9/26/2026,Philadelphia Phillies,Citizens Bank Park,Philadelphia,$43
Washington Nationals at Philadelphia Phillies,8/5/2026,Philadelphia Phillies,Citizens Bank Park,Philadelphia,$43
Seattle Mariners at Toronto Blue Jays,8/30/2026,Toronto Blue Jays,Rogers Centre,Toronto,$42
New York Mets at Toronto Blue Jays,6/30/2026,Toronto Blue Jays,Rogers Centre,Toronto,$42
Seattle Mariners at Athletics,9/11/2026,Athletics,Sutter Health Park,West Sacramento,$42
Miami Marlins at Athletics,7/3/2026,Athletics,Sutter Health Park,West Sacramento,$42
Arizona Diamondbacks at Boston Red Sox,8/19/2026,Boston Red Sox,Fenway Park,Boston,$42
Arizona Diamondbacks at Boston Red Sox,8/18/2026,Boston Red Sox,Fenway Park,Boston,$42
St. Louis Cardinals at Philadelphia Phillies,8/23/2026,Philadelphia Phillies,Citizens Bank Park,Philadelphia,$42
San Francisco Giants at San Diego Padres (Home and Away Bucket Hat Giveaway),7/30/2026,San Diego Padres,PETCO Park,San Diego,$42
Washington Nationals at Boston Red Sox,6/29/2026,Boston Red Sox,Fenway Park,Boston,$42
New York Mets at San Diego Padres,6/6/2026,San Diego Padres,PETCO Park,San Diego,$42
Atlanta Braves at Baltimore Orioles (Kids Birdland Hawaiian Shirt Giveaway),7/26/2026,Baltimore Orioles,Oriole Park at Camden Yards,Baltimore,$42
Pittsburgh Pirates at Chicago Cubs (Sammy Sosa Bobblehead Giveaway),9/13/2026,Chicago Cubs,Wrigley Field,Chicago,$42
Houston Astros at Tampa Bay Rays,9/12/2026,Tampa Bay Rays,Tropicana Field,Saint Petersburg,$42
St. Louis Cardinals at Pittsburgh Pirates,9/23/2026,Pittsburgh Pirates,PNC Park,Pittsburgh,$42
Milwaukee Brewers at Pittsburgh Pirates,9/16/2026,Pittsburgh Pirates,PNC Park,Pittsburgh,$42
San Francisco Giants at Pittsburgh Pirates,9/2/2026,Pittsburgh Pirates,PNC Park,Pittsburgh,$42
San Francisco Giants at Pittsburgh Pirates,9/1/2026,Pittsburgh Pirates,PNC Park,Pittsburgh,$42
Cincinnati Reds at Pittsburgh Pirates,6/26/2026,Pittsburgh Pirates,PNC Park,Pittsburgh,$42
Miami Marlins at Pittsburgh Pirates (Pirates Tiki Mug Giveaway),6/12/2026,Pittsburgh Pirates,PNC Park,Pittsburgh,$42
Boston Red Sox at Cleveland Guardians (Austin Hedges Jersey Giveaway),5/30/2026,Cleveland Guardians,Progressive Field,Cleveland,$42
Miami Marlins at Philadelphia Phillies,8/17/2026,Philadelphia Phillies,Citizens Bank Park,Philadelphia,$41
Seattle Mariners at Toronto Blue Jays,8/28/2026,Toronto Blue Jays,Rogers Centre,Toronto,$41
New York Yankees at Arizona Diamondbacks,9/20/2026,Arizona Diamondbacks,Chase Field,Phoenix,$41
New York Yankees at Arizona Diamondbacks,9/19/2026,Arizona Diamondbacks,Chase Field,Phoenix,$41
New York Yankees at Arizona Diamondbacks,9/18/2026,Arizona Diamondbacks,Chase Field,Phoenix,$41
Los Angeles Angels at Boston Red Sox (Red Sox Football Jersey Giveaway),9/7/2026,Boston Red Sox,Fenway Park,Boston,$40
Milwaukee Brewers at Philadelphia Phillies,9/23/2026,Philadelphia Phillies,Citizens Bank Park,Philadelphia,$40
Atlanta Braves at Philadelphia Phillies,9/6/2026,Philadelphia Phillies,Citizens Bank Park,Philadelphia,$40
Miami Marlins at Philadelphia Phillies (Flo Rida Postgame Concert),8/18/2026,Philadelphia Phillies,Citizens Bank Park,Philadelphia,$40
Washington Nationals at Philadelphia Phillies,8/6/2026,Philadelphia Phillies,Citizens Bank Park,Philadelphia,$40
San Francisco Giants at Colorado Rockies,7/4/2026,Colorado Rockies,Coors Field,Denver,$40
Texas Rangers at Houston Astros,7/31/2026,Houston Astros,Daikin Park,Houston,$40
St. Louis Cardinals at Pittsburgh Pirates,9/22/2026,Pittsburgh Pirates,PNC Park,Pittsburgh,$40
St. Louis Cardinals at Kansas City Royals,6/21/2026,Kansas City Royals,Kauffman Stadium,Kansas City,$40
Toronto Blue Jays at New York Yankees (Cody Bellinger Bobblehead Night),8/21/2026,New York Yankees,Yankee Stadium,Bronx,$40
Minnesota Twins at New York Yankees (Yankees 4th of July Cap Day),7/4/2026,New York Yankees,Yankee Stadium,Bronx,$40
Philadelphia Phillies at Kansas City Royals (Red White & Bobby Bobblehead Giveaway),7/4/2026,Kansas City Royals,Kauffman Stadium,Kansas City,$40
San Diego Padres at Chicago Cubs,6/30/2026,Chicago Cubs,Wrigley Field,Chicago,$40
Boston Red Sox at Tampa Bay Rays,9/20/2026,Tampa Bay Rays,Tropicana Field,Saint Petersburg,$40
New York Mets at Tampa Bay Rays,9/2/2026,Tampa Bay Rays,Tropicana Field,Saint Petersburg,$40
Chicago White Sox at Tampa Bay Rays,8/1/2026,Tampa Bay Rays,Tropicana Field,Saint Petersburg,$40
Washington Nationals at Tampa Bay Rays,6/21/2026,Tampa Bay Rays,Tropicana Field,Saint Petersburg,$40
Washington Nationals at Tampa Bay Rays,6/20/2026,Tampa Bay Rays,Tropicana Field,Saint Petersburg,$40
Los Angeles Dodgers at Miami Marlins,9/13/2026,Miami Marlins,loanDepot Park,Miami,$40
Texas Rangers at Milwaukee Brewers (Cole Swindell Postgame Concert),8/28/2026,Milwaukee Brewers,American Family Field,Milwaukee,$40
Miami Marlins at New York Mets,8/1/2026,New York Mets,Citi Field,Flushing,$40
Boston Red Sox at Tampa Bay Rays,9/18/2026,Tampa Bay Rays,Tropicana Field,Saint Petersburg,$40
Tampa Bay Rays at Philadelphia Phillies,9/25/2026,Philadelphia Phillies,Citizens Bank Park,Philadelphia,$40
Washington Nationals at Athletics,7/17/2026,Athletics,Sutter Health Park,West Sacramento,$40
Chicago Cubs at San Francisco Giants,6/12/2026,San Francisco Giants,Oracle Park,San Francisco,$40
Chicago Cubs at Miami Marlins,9/6/2026,Miami Marlins,loanDepot Park,Miami,$39
New York Yankees at Cleveland Guardians,6/9/2026,Cleveland Guardians,Progressive Field,Cleveland,$39
Cleveland Guardians at Boston Red Sox,9/24/2026,Boston Red Sox,Fenway Park,Boston,$39
Kansas City Royals at Boston Red Sox,9/11/2026,Boston Red Sox,Fenway Park,Boston,$39
Atlanta Braves at Boston Red Sox,5/27/2026,Boston Red Sox,Fenway Park,Boston,$39
Minnesota Twins at Seattle Mariners (Aloha Shirt Giveaway),8/1/2026,Seattle Mariners,T-Mobile Park,Seattle,$39
Cincinnati Reds at New York Yankees,6/21/2026,New York Yankees,Yankee Stadium,Bronx,$39
Colorado Rockies at Chicago Cubs,6/15/2026,Chicago Cubs,Wrigley Field,Chicago,$39
New York Mets at Atlanta Braves,7/3/2026,Atlanta Braves,Truist Park,Atlanta,$39
Milwaukee Brewers at Atlanta Braves,6/21/2026,Atlanta Braves,Truist Park,Atlanta,$39
Pittsburgh Pirates at Philadelphia Phillies,6/29/2026,Philadelphia Phillies,Citizens Bank Park,Philadelphia,$39
Baltimore Orioles at Athletics (Sacramento Wearable Item Giveaway),8/29/2026,Athletics,Sutter Health Park,West Sacramento,$39
Los Angeles Angels at Athletics,6/18/2026,Athletics,Sutter Health Park,West Sacramento,$39
St. Louis Cardinals at Toronto Blue Jays,7/31/2026,Toronto Blue Jays,Rogers Centre,Toronto,$38
Chicago White Sox at Toronto Blue Jays,7/17/2026,Toronto Blue Jays,Rogers Centre,Toronto,$38
Philadelphia Phillies at Toronto Blue Jays (Roy Halladay Jersey Giveaway),6/8/2026,Toronto Blue Jays,Rogers Centre,Toronto,$38
Washington Nationals at Philadelphia Phillies,8/4/2026,Philadelphia Phillies,Citizens Bank Park,Philadelphia,$38
San Diego Padres at Tampa Bay Rays,8/28/2026,Tampa Bay Rays,Tropicana Field,Saint Petersburg,$38
Toronto Blue Jays at Athletics,9/9/2026,Athletics,Sutter Health Park,West Sacramento,$38
Philadelphia Phillies at Cincinnati Reds (Jon Pardi Postgame Concert),7/8/2026,Cincinnati Reds,Great American Ball Park,Cincinnati,$38
Boston Red Sox at Baltimore Orioles,9/6/2026,Baltimore Orioles,Oriole Park at Camden Yards,Baltimore,$38
Miami Marlins at Pittsburgh Pirates (Hawaiian Shirt Giveaway),6/13/2026,Pittsburgh Pirates,PNC Park,Pittsburgh,$38
San Francisco Giants at Cleveland Guardians,8/20/2026,Cleveland Guardians,Progressive Field,Cleveland,$38
San Francisco Giants at Cleveland Guardians,8/18/2026,Cleveland Guardians,Progressive Field,Cleveland,$38
Houston Astros at New York Mets,8/29/2026,New York Mets,Citi Field,Flushing,$38
Philadelphia Phillies at New York Mets,6/27/2026,New York Mets,Citi Field,Flushing,$38
Cleveland Guardians at Tampa Bay Rays,7/24/2026,Tampa Bay Rays,Tropicana Field,Saint Petersburg,$38
Pittsburgh Pirates at San Diego Padres (Merrill Robbery Bobblehead Giveaway),8/24/2026,San Diego Padres,PETCO Park,San Diego,$38
San Francisco Giants at San Diego Padres,7/31/2026,San Diego Padres,PETCO Park,San Diego,$38
Atlanta Braves at Boston Red Sox,5/26/2026,Boston Red Sox,Fenway Park,Boston,$38
Minnesota Twins at Seattle Mariners,7/31/2026,Seattle Mariners,T-Mobile Park,Seattle,$38
Cincinnati Reds at Chicago White Sox,8/11/2026,Chicago White Sox,Rate Field,Chicago,$38
Pittsburgh Pirates at Atlanta Braves,6/6/2026,Atlanta Braves,Truist Park,Atlanta,$38
Houston Astros at Tampa Bay Rays,9/11/2026,Tampa Bay Rays,Tropicana Field,Saint Petersburg,$38
Atlanta Braves at Philadelphia Phillies,9/7/2026,Philadelphia Phillies,Citizens Bank Park,Philadelphia,$38
Baltimore Orioles at Athletics,8/30/2026,Athletics,Sutter Health Park,West Sacramento,$38
Washington Nationals at Athletics,7/19/2026,Athletics,Sutter Health Park,West Sacramento,$38
San Diego Padres at Kansas City Royals (Big Bobby Bobblehead Giveaway),7/18/2026,Kansas City Royals,Kauffman Stadium,Kansas City,$38
Cincinnati Reds at Toronto Blue Jays,9/26/2026,Toronto Blue Jays,Rogers Centre,Toronto,$37
Boston Red Sox at Toronto Blue Jays,8/13/2026,Toronto Blue Jays,Rogers Centre,Toronto,$37
Baltimore Orioles at Toronto Blue Jays,6/6/2026,Toronto Blue Jays,Rogers Centre,Toronto,$37
San Diego Padres at Tampa Bay Rays,8/30/2026,Tampa Bay Rays,Tropicana Field,Saint Petersburg,$37
Cleveland Guardians at Tampa Bay Rays,7/26/2026,Tampa Bay Rays,Tropicana Field,Saint Petersburg,$37
Atlanta Braves at Houston Astros,9/20/2026,Houston Astros,Daikin Park,Houston,$37
Houston Astros at San Francisco Giants,8/12/2026,San Francisco Giants,Oracle Park,San Francisco,$37
Milwaukee Brewers at San Francisco Giants,7/29/2026,San Francisco Giants,Oracle Park,San Francisco,$37
Los Angeles Dodgers at Arizona Diamondbacks,8/9/2026,Arizona Diamondbacks,Chase Field,Phoenix,$37
San Francisco Giants at Cleveland Guardians,8/19/2026,Cleveland Guardians,Progressive Field,Cleveland,$37
New York Mets at Cleveland Guardians,8/6/2026,Cleveland Guardians,Progressive Field,Cleveland,$37
Seattle Mariners at Cleveland Guardians,6/28/2026,Cleveland Guardians,Progressive Field,Cleveland,$37
Milwaukee Brewers at Philadelphia Phillies,9/24/2026,Philadelphia Phillies,Citizens Bank Park,Philadelphia,$37
Houston Astros at Philadelphia Phillies,9/8/2026,Philadelphia Phillies,Citizens Bank Park,Philadelphia,$37
Toronto Blue Jays at San Diego Padres,7/10/2026,San Diego Padres,PETCO Park,San Diego,$37
Chicago Cubs at Cincinnati Reds (Team Baseball Card Set Giveaway),7/11/2026,Cincinnati Reds,Great American Ball Park,Cincinnati,$37
Washington Nationals at Baltimore Orioles (Pride Night Jersey Giveaway),6/26/2026,Baltimore Orioles,Oriole Park at Camden Yards,Baltimore,$37
Milwaukee Brewers at Chicago Cubs,9/1/2026,Chicago Cubs,Wrigley Field,Chicago,$37
San Francisco Giants at New York Mets,9/5/2026,New York Mets,Citi Field,Flushing,$37
Philadelphia Phillies at Atlanta Braves,9/12/2026,Atlanta Braves,Truist Park,Atlanta,$37
Los Angeles Dodgers at Atlanta Braves,8/26/2026,Atlanta Braves,Truist Park,Atlanta,$37
San Diego Padres at Chicago Cubs,6/29/2026,Chicago Cubs,Wrigley Field,Chicago,$37
Milwaukee Brewers at Atlanta Braves,6/20/2026,Atlanta Braves,Truist Park,Atlanta,$37
Pittsburgh Pirates at Atlanta Braves,6/5/2026,Atlanta Braves,Truist Park,Atlanta,$37
Arizona Diamondbacks at Seattle Mariners (Julio Rodriguez 90s Jersey Giveaway),5/30/2026,Seattle Mariners,T-Mobile Park,Seattle,$36
Baltimore Orioles at Toronto Blue Jays,9/12/2026,Toronto Blue Jays,Rogers Centre,Toronto,$36
Boston Red Sox at Toronto Blue Jays,8/11/2026,Toronto Blue Jays,Rogers Centre,Toronto,$36
San Diego Padres at Texas Rangers,6/21/2026,Texas Rangers,Globe Life Field,Arlington,$36
Chicago White Sox at Tampa Bay Rays,7/31/2026,Tampa Bay Rays,Tropicana Field,Saint Petersburg,$36
Los Angeles Angels at Athletics,9/23/2026,Athletics,Sutter Health Park,West Sacramento,$36
Chicago Cubs at Miami Marlins,9/5/2026,Miami Marlins,loanDepot Park,Miami,$36
Chicago Cubs at Pittsburgh Pirates,7/25/2026,Pittsburgh Pirates,PNC Park,Pittsburgh,$36
Miami Marlins at Athletics,7/5/2026,Athletics,Sutter Health Park,West Sacramento,$36
Milwaukee Brewers at Chicago Cubs,9/2/2026,Chicago Cubs,Wrigley Field,Chicago,$36
Toronto Blue Jays at Cleveland Guardians,9/2/2026,Cleveland Guardians,Progressive Field,Cleveland,$36
Toronto Blue Jays at San Francisco Giants,7/8/2026,San Francisco Giants,Oracle Park,San Francisco,$36
Chicago Cubs at Kansas City Royals,8/9/2026,Kansas City Royals,Kauffman Stadium,Kansas City,$36
Boston Red Sox at Cleveland Guardians,5/31/2026,Cleveland Guardians,Progressive Field,Cleveland,$36
Philadelphia Phillies at Minnesota Twins,8/15/2026,Minnesota Twins,Target Field,Minneapolis,$35
Toronto Blue Jays at San Diego Padres,7/11/2026,San Diego Padres,PETCO Park,San Diego,$35
Arizona Diamondbacks at San Diego Padres (Trevor Hoffman Bobblehead Giveaway),7/8/2026,San Diego Padres,PETCO Park,San Diego,$35
Chicago Cubs at Cincinnati Reds,7/10/2026,Cincinnati Reds,Great American Ball Park,Cincinnati,$35
Baltimore Orioles at Boston Red Sox,6/2/2026,Boston Red Sox,Fenway Park,Boston,$35
St. Louis Cardinals at Minnesota Twins,6/12/2026,Minnesota Twins,Target Field,Minneapolis,$35
New York Yankees at Baltimore Orioles,8/20/2026,Baltimore Orioles,Oriole Park at Camden Yards,Baltimore,$35
New York Yankees at Baltimore Orioles,8/18/2026,Baltimore Orioles,Oriole Park at Camden Yards,Baltimore,$35
Chicago White Sox at Detroit Tigers (Nelly Postgame Concert),6/19/2026,Detroit Tigers,Comerica Park,Detroit,$35
Minnesota Twins at Seattle Mariners,8/2/2026,Seattle Mariners,T-Mobile Park,Seattle,$35
San Diego Padres at Baltimore Orioles (Soccer Jersey Giveaway),6/13/2026,Baltimore Orioles,Oriole Park at Camden Yards,Baltimore,$35
Philadelphia Phillies at Atlanta Braves,9/13/2026,Atlanta Braves,Truist Park,Atlanta,$35
Cleveland Guardians at Chicago White Sox (Ozzie Guillen Jersey Retirement),8/8/2026,Chicago White Sox,Rate Field,Chicago,$35
Arizona Diamondbacks at Atlanta Braves,8/15/2026,Atlanta Braves,Truist Park,Atlanta,$35
Boston Red Sox at New York Mets,7/10/2026,New York Mets,Citi Field,Flushing,$35
Cincinnati Reds at Washington Nationals (Hawaiian Shirt and Shorts Set Giveaway),8/8/2026,Washington Nationals,Nationals Park,Washington DC,$35
Minnesota Twins at Athletics,8/26/2026,Athletics,Sutter Health Park,West Sacramento,$35
Colorado Rockies at Milwaukee Brewers,7/25/2026,Milwaukee Brewers,American Family Field,Milwaukee,$35
San Diego Padres at Cleveland Guardians,8/16/2026,Cleveland Guardians,Progressive Field,Cleveland,$35
Cincinnati Reds at Toronto Blue Jays,9/27/2026,Toronto Blue Jays,Rogers Centre,Toronto,$35
Detroit Tigers at Athletics,8/2/2026,Athletics,Sutter Health Park,West Sacramento,$35
Los Angeles Dodgers at Arizona Diamondbacks,8/8/2026,Arizona Diamondbacks,Chase Field,Phoenix,$35
Los Angeles Dodgers at Arizona Diamondbacks,8/7/2026,Arizona Diamondbacks,Chase Field,Phoenix,$35
Pittsburgh Pirates at Washington Nationals (Nationals Patriotic Shirt Giveaway),7/5/2026,Washington Nationals,Nationals Park,Washington DC,$34
Atlanta Braves at Washington Nationals,9/1/2026,Washington Nationals,Nationals Park,Washington DC,$34
Houston Astros at Tampa Bay Rays,9/13/2026,Tampa Bay Rays,Tropicana Field,Saint Petersburg,$34
Cincinnati Reds at San Diego Padres (Bogey Goes Boom Bobblehead Giveaway),6/9/2026,San Diego Padres,PETCO Park,San Diego,$34
Los Angeles Dodgers at Miami Marlins,9/11/2026,Miami Marlins,loanDepot Park,Miami,$34
Toronto Blue Jays at Athletics,9/8/2026,Athletics,Sutter Health Park,West Sacramento,$34
Tampa Bay Rays at Baltimore Orioles (Replica Jersey Giveaway),8/22/2026,Baltimore Orioles,Oriole Park at Camden Yards,Baltimore,$34
Pittsburgh Pirates at Athletics,6/16/2026,Athletics,Sutter Health Park,West Sacramento,$34
Pittsburgh Pirates at Athletics,6/15/2026,Athletics,Sutter Health Park,West Sacramento,$34
Miami Marlins at Milwaukee Brewers,7/19/2026,Milwaukee Brewers,American Family Field,Milwaukee,$34
Minnesota Twins at San Diego Padres,8/22/2026,San Diego Padres,PETCO Park,San Diego,$34
Houston Astros at San Diego Padres,8/8/2026,San Diego Padres,PETCO Park,San Diego,$34
San Francisco Giants at San Diego Padres,8/2/2026,San Diego Padres,PETCO Park,San Diego,$34
Toronto Blue Jays at San Diego Padres (Kids Squeeze Top Water Bottle Giveaway),7/12/2026,San Diego Padres,PETCO Park,San Diego,$34
Baltimore Orioles at New York Yankees (Josh Hart Yankees Bobblehead Night),9/25/2026,New York Yankees,Yankee Stadium,Bronx,$34
Washington Nationals at Baltimore Orioles (Beach Towel Giveaway),6/28/2026,Baltimore Orioles,Oriole Park at Camden Yards,Baltimore,$34
Pittsburgh Pirates at New York Yankees,7/21/2026,New York Yankees,Yankee Stadium,Bronx,$34
Milwaukee Brewers at Chicago Cubs,8/31/2026,Chicago Cubs,Wrigley Field,Chicago,$34
Chicago Cubs at St. Louis Cardinals,7/30/2026,St. Louis Cardinals,Busch Stadium,St. Louis,$34
Baltimore Orioles at Tampa Bay Rays,8/14/2026,Tampa Bay Rays,Tropicana Field,Saint Petersburg,$34
Milwaukee Brewers at Baltimore Orioles (Hispanic Heritage Jersey Giveaway),9/18/2026,Baltimore Orioles,Oriole Park at Camden Yards,Baltimore,$34
Los Angeles Angels at Seattle Mariners (20s Pin Giveaway),9/26/2026,Seattle Mariners,T-Mobile Park,Seattle,$34
Athletics at Seattle Mariners,9/6/2026,Seattle Mariners,T-Mobile Park,Seattle,$34
Boston Red Sox at Seattle Mariners (Rescheduled from 6/20),6/19/2026,Seattle Mariners,T-Mobile Park,Seattle,$34
Boston Red Sox at Toronto Blue Jays,8/12/2026,Toronto Blue Jays,Rogers Centre,Toronto,$34
Texas Rangers at Toronto Blue Jays,6/28/2026,Toronto Blue Jays,Rogers Centre,Toronto,$34
Houston Astros at Texas Rangers,7/10/2026,Texas Rangers,Globe Life Field,Arlington,$33
Arizona Diamondbacks at San Diego Padres,9/27/2026,San Diego Padres,PETCO Park,San Diego,$33
Arizona Diamondbacks at San Diego Padres,9/25/2026,San Diego Padres,PETCO Park,San Diego,$33
Houston Astros at San Diego Padres,8/9/2026,San Diego Padres,PETCO Park,San Diego,$33
Boston Red Sox at Tampa Bay Rays,6/10/2026,Tampa Bay Rays,Tropicana Field,Saint Petersburg,$33
Athletics at Minnesota Twins,7/25/2026,Minnesota Twins,Target Field,Minneapolis,$33
Cleveland Guardians at Milwaukee Brewers,6/18/2026,Milwaukee Brewers,American Family Field,Milwaukee,$33
Milwaukee Brewers at Chicago Cubs,9/3/2026,Chicago Cubs,Wrigley Field,Chicago,$33
Colorado Rockies at Athletics,6/14/2026,Athletics,Las Vegas Ballpark,Las Vegas,$33
Detroit Tigers at Kansas City Royals,8/22/2026,Kansas City Royals,Kauffman Stadium,Kansas City,$33
Colorado Rockies at Athletics,6/13/2026,Athletics,Las Vegas Ballpark,Las Vegas,$33
Milwaukee Brewers at Athletics,6/8/2026,Athletics,Las Vegas Ballpark,Las Vegas,$33
Seattle Mariners at Athletics,5/27/2026,Athletics,Sutter Health Park,West Sacramento,$33
Detroit Tigers at Cleveland Guardians,6/14/2026,Cleveland Guardians,Progressive Field,Cleveland,$33
New York Yankees at Kansas City Royals (The Pasquatch Bobblehead Giveaway),5/26/2026,Kansas City Royals,Kauffman Stadium,Kansas City,$33
San Diego Padres at Texas Rangers,6/20/2026,Texas Rangers,Globe Life Field,Arlington,$33
Washington Nationals at Tampa Bay Rays,6/19/2026,Tampa Bay Rays,Tropicana Field,Saint Petersburg,$33
Texas Rangers at Houston Astros,8/1/2026,Houston Astros,Daikin Park,Houston,$33
Los Angeles Dodgers at Minnesota Twins,6/22/2026,Minnesota Twins,Target Field,Minneapolis,$33
Philadelphia Phillies at San Diego Padres (Patriotic Aloha Shirt Giveaway),5/26/2026,San Diego Padres,PETCO Park,San Diego,$33
Chicago Cubs at Baltimore Orioles,7/7/2026,Baltimore Orioles,Oriole Park at Camden Yards,Baltimore,$33
Washington Nationals at Baltimore Orioles (Gunnar Henderson Bobblehead Giveaway),6/27/2026,Baltimore Orioles,Oriole Park at Camden Yards,Baltimore,$33
Pittsburgh Pirates at Chicago Cubs,9/11/2026,Chicago Cubs,Wrigley Field,Chicago,$33
Kansas City Royals at Cleveland Guardians (Free Shirt Friday),8/28/2026,Cleveland Guardians,Progressive Field,Cleveland,$33
Cincinnati Reds at New York Yankees,6/19/2026,New York Yankees,Yankee Stadium,Bronx,$33
Milwaukee Brewers at Atlanta Braves,6/19/2026,Atlanta Braves,Truist Park,Atlanta,$33
Milwaukee Brewers at Philadelphia Phillies,9/22/2026,Philadelphia Phillies,Citizens Bank Park,Philadelphia,$33
Houston Astros at Philadelphia Phillies,9/10/2026,Philadelphia Phillies,Citizens Bank Park,Philadelphia,$33
Arizona Diamondbacks at Tampa Bay Rays,6/27/2026,Tampa Bay Rays,Tropicana Field,Saint Petersburg,$33
Athletics at Houston Astros,8/22/2026,Houston Astros,Daikin Park,Houston,$33
Los Angeles Angels at Athletics,9/22/2026,Athletics,Sutter Health Park,West Sacramento,$33
Pittsburgh Pirates at Athletics,6/17/2026,Athletics,Sutter Health Park,West Sacramento,$33
Seattle Mariners at Colorado Rockies,9/18/2026,Colorado Rockies,Coors Field,Denver,$33
Philadelphia Phillies at Seattle Mariners,8/26/2026,Seattle Mariners,T-Mobile Park,Seattle,$33
Philadelphia Phillies at Seattle Mariners,8/25/2026,Seattle Mariners,T-Mobile Park,Seattle,$33
Colorado Rockies at Atlanta Braves,8/29/2026,Atlanta Braves,Truist Park,Atlanta,$33
New York Mets at Toronto Blue Jays,6/29/2026,Toronto Blue Jays,Rogers Centre,Toronto,$33
Baltimore Orioles at Toronto Blue Jays,6/7/2026,Toronto Blue Jays,Rogers Centre,Toronto,$33
Boston Red Sox at Texas Rangers,9/15/2026,Texas Rangers,Globe Life Field,Arlington,$32
Pittsburgh Pirates at Washington Nationals,7/4/2026,Washington Nationals,Nationals Park,Washington DC,$32
Chicago Cubs at Washington Nationals,8/13/2026,Washington Nationals,Nationals Park,Washington DC,$32
Atlanta Braves at Washington Nationals,9/2/2026,Washington Nationals,Nationals Park,Washington DC,$32
New York Mets at Tampa Bay Rays,9/1/2026,Tampa Bay Rays,Tropicana Field,Saint Petersburg,$32
New York Yankees at Minnesota Twins,9/16/2026,Minnesota Twins,Target Field,Minneapolis,$32
Minnesota Twins at San Diego Padres (Kids Ruff Plush Keychain Giveaway),8/23/2026,San Diego Padres,PETCO Park,San Diego,$32
Milwaukee Brewers at San Diego Padres (Superhero Pocket Tee Giveaway),8/10/2026,San Diego Padres,PETCO Park,San Diego,$32
Boston Red Sox at Tampa Bay Rays,6/9/2026,Tampa Bay Rays,Tropicana Field,Saint Petersburg,$32
Baltimore Orioles at Cincinnati Reds (USA Hat Giveaway),7/4/2026,Cincinnati Reds,Great American Ball Park,Cincinnati,$32
Tampa Bay Rays at Houston Astros,7/3/2026,Houston Astros,Daikin Park,Houston,$32
Kansas City Royals at Detroit Tigers,7/25/2026,Detroit Tigers,Comerica Park,Detroit,$32
Minnesota Twins at Athletics,8/24/2026,Athletics,Sutter Health Park,West Sacramento,$32
Tampa Bay Rays at Athletics,8/11/2026,Athletics,Sutter Health Park,West Sacramento,$32
Tampa Bay Rays at Athletics,8/10/2026,Athletics,Sutter Health Park,West Sacramento,$32
Cincinnati Reds at San Francisco Giants,8/26/2026,San Francisco Giants,Oracle Park,San Francisco,$32
New York Yankees at Detroit Tigers,6/23/2026,Detroit Tigers,Comerica Park,Detroit,$32
Chicago Cubs at Baltimore Orioles,7/9/2026,Baltimore Orioles,Oriole Park at Camden Yards,Baltimore,$32
Atlanta Braves at Chicago Cubs,9/16/2026,Chicago Cubs,Wrigley Field,Chicago,$32
Detroit Tigers at Cleveland Guardians,9/4/2026,Cleveland Guardians,Progressive Field,Cleveland,$32
Minnesota Twins at Pittsburgh Pirates,5/30/2026,Pittsburgh Pirates,PNC Park,Pittsburgh,$32
Toronto Blue Jays at Cleveland Guardians,9/1/2026,Cleveland Guardians,Progressive Field,Cleveland,$32
Kansas City Royals at Cleveland Guardians,8/30/2026,Cleveland Guardians,Progressive Field,Cleveland,$32
Minnesota Twins at Pittsburgh Pirates,5/29/2026,Pittsburgh Pirates,PNC Park,Pittsburgh,$32
Chicago Cubs at Pittsburgh Pirates,5/28/2026,Pittsburgh Pirates,PNC Park,Pittsburgh,$32
Milwaukee Brewers at Athletics,6/9/2026,Athletics,Las Vegas Ballpark,Las Vegas,$32
New York Mets at Cleveland Guardians (125th Anniversary Tumbler Giveaway),8/5/2026,Cleveland Guardians,Progressive Field,Cleveland,$32
Milwaukee Brewers at Arizona Diamondbacks,7/4/2026,Arizona Diamondbacks,Chase Field,Phoenix,$32
New York Mets at Cleveland Guardians,8/4/2026,Cleveland Guardians,Progressive Field,Cleveland,$32
Minnesota Twins at Milwaukee Brewers,8/9/2026,Milwaukee Brewers,American Family Field,Milwaukee,$32
New York Yankees at Chicago White Sox,7/30/2026,Chicago White Sox,Rate Field,Chicago,$32
Minnesota Twins at Cleveland Guardians,7/21/2026,Cleveland Guardians,Progressive Field,Cleveland,$32
Minnesota Twins at Cleveland Guardians,7/20/2026,Cleveland Guardians,Progressive Field,Cleveland,$32
Chicago White Sox at Cleveland Guardians,7/2/2026,Cleveland Guardians,Progressive Field,Cleveland,$32
Texas Rangers at Cleveland Guardians,7/1/2026,Cleveland Guardians,Progressive Field,Cleveland,$32
Texas Rangers at Cleveland Guardians,6/30/2026,Cleveland Guardians,Progressive Field,Cleveland,$32
Houston Astros at Kansas City Royals (Royal-Tees Giveaway),6/13/2026,Kansas City Royals,Kauffman Stadium,Kansas City,$32
Texas Rangers at Cleveland Guardians,6/29/2026,Cleveland Guardians,Progressive Field,Cleveland,$32
Washington Nationals at Atlanta Braves,7/31/2026,Atlanta Braves,Truist Park,Atlanta,$32
Los Angeles Dodgers at Chicago White Sox,6/14/2026,Chicago White Sox,Rate Field,Chicago,$32
Atlanta Braves at New York Mets,6/13/2026,New York Mets,Citi Field,Flushing,$32
Athletics at Chicago Cubs,6/4/2026,Chicago Cubs,Wrigley Field,Chicago,$32
Cincinnati Reds at Milwaukee Brewers,7/2/2026,Milwaukee Brewers,American Family Field,Milwaukee,$32
Philadelphia Phillies at Washington Nationals (Nationals Soccer Jersey Giveaway),6/25/2026,Washington Nationals,Nationals Park,Washington DC,$32
Seattle Mariners at Boston Red Sox,9/1/2026,Boston Red Sox,Fenway Park,Boston,$32
Miami Marlins at Philadelphia Phillies,8/19/2026,Philadelphia Phillies,Citizens Bank Park,Philadelphia,$32
Minnesota Twins at San Diego Padres,8/21/2026,San Diego Padres,PETCO Park,San Diego,$32
San Diego Padres at Philadelphia Phillies,6/3/2026,Philadelphia Phillies,Citizens Bank Park,Philadelphia,$32
San Diego Padres at Philadelphia Phillies,6/2/2026,Philadelphia Phillies,Citizens Bank Park,Philadelphia,$32
Atlanta Braves at Boston Red Sox,5/28/2026,Boston Red Sox,Fenway Park,Boston,$32
Kansas City Royals at Detroit Tigers (Flo Rida Postgame Concert),7/24/2026,Detroit Tigers,Comerica Park,Detroit,$32
Detroit Tigers at Cleveland Guardians (Jersey Hoodie Giveaway),9/5/2026,Cleveland Guardians,Progressive Field,Cleveland,$32
Washington Nationals at New York Mets,8/15/2026,New York Mets,Citi Field,Flushing,$32
Washington Nationals at San Francisco Giants,6/10/2026,San Francisco Giants,Oracle Park,San Francisco,$32
Washington Nationals at Atlanta Braves,8/1/2026,Atlanta Braves,Truist Park,Atlanta,$32
Texas Rangers at Atlanta Braves,7/18/2026,Atlanta Braves,Truist Park,Atlanta,$32
Houston Astros at Philadelphia Phillies,9/9/2026,Philadelphia Phillies,Citizens Bank Park,Philadelphia,$32
Arizona Diamondbacks at Tampa Bay Rays,6/26/2026,Tampa Bay Rays,Tropicana Field,Saint Petersburg,$32
Cleveland Guardians at Kansas City Royals (Salvador Perez City Connect Bobblehead Giveaway),9/25/2026,Kansas City Royals,Kauffman Stadium,Kansas City,$32
Los Angeles Angels at Boston Red Sox,9/9/2026,Boston Red Sox,Fenway Park,Boston,$31
Athletics at Seattle Mariners (Bryan Woo Bobblehead Giveaway),9/5/2026,Seattle Mariners,T-Mobile Park,Seattle,$31
Athletics at Cleveland Guardians,9/20/2026,Cleveland Guardians,Progressive Field,Cleveland,$31
Cincinnati Reds at Toronto Blue Jays (Carlos Delgado Windbreaker Giveaway),9/25/2026,Toronto Blue Jays,Rogers Centre,Toronto,$31
Philadelphia Phillies at Toronto Blue Jays,6/10/2026,Toronto Blue Jays,Rogers Centre,Toronto,$31
Kansas City Royals at Cleveland Guardians (Bob Feller 1936 Jersey Giveaway),8/29/2026,Cleveland Guardians,Progressive Field,Cleveland,$31
Colorado Rockies at Athletics,6/12/2026,Athletics,Las Vegas Ballpark,Las Vegas,$31
Baltimore Orioles at Tampa Bay Rays,8/16/2026,Tampa Bay Rays,Tropicana Field,Saint Petersburg,$31
Chicago White Sox at Tampa Bay Rays,8/2/2026,Tampa Bay Rays,Tropicana Field,Saint Petersburg,$31
Arizona Diamondbacks at Tampa Bay Rays,6/28/2026,Tampa Bay Rays,Tropicana Field,Saint Petersburg,$31
Boston Red Sox at Tampa Bay Rays,6/8/2026,Tampa Bay Rays,Tropicana Field,Saint Petersburg,$31
Los Angeles Angels at Tampa Bay Rays,5/29/2026,Tampa Bay Rays,Tropicana Field,Saint Petersburg,$31
Pittsburgh Pirates at Cincinnati Reds (Marshmello Postgame Concert),7/31/2026,Cincinnati Reds,Great American Ball Park,Cincinnati,$31
Los Angeles Dodgers at Minnesota Twins,6/23/2026,Minnesota Twins,Target Field,Minneapolis,$31
Tampa Bay Rays at Houston Astros,7/5/2026,Houston Astros,Daikin Park,Houston,$31
Minnesota Twins at Athletics,8/25/2026,Athletics,Sutter Health Park,West Sacramento,$31
New York Yankees at Detroit Tigers,6/24/2026,Detroit Tigers,Comerica Park,Detroit,$31
St. Louis Cardinals at Milwaukee Brewers,9/26/2026,Milwaukee Brewers,American Family Field,Milwaukee,$31
Chicago White Sox at Detroit Tigers,6/21/2026,Detroit Tigers,Comerica Park,Detroit,$31
Chicago White Sox at Cleveland Guardians,9/16/2026,Cleveland Guardians,Progressive Field,Cleveland,$31
Chicago White Sox at Cleveland Guardians,9/15/2026,Cleveland Guardians,Progressive Field,Cleveland,$31
Chicago White Sox at Cleveland Guardians,9/14/2026,Cleveland Guardians,Progressive Field,Cleveland,$31
Detroit Tigers at Cleveland Guardians,9/6/2026,Cleveland Guardians,Progressive Field,Cleveland,$31
Toronto Blue Jays at Cleveland Guardians,9/3/2026,Cleveland Guardians,Progressive Field,Cleveland,$31
Arizona Diamondbacks at Cleveland Guardians,8/2/2026,Cleveland Guardians,Progressive Field,Cleveland,$31
Minnesota Twins at Cleveland Guardians,7/23/2026,Cleveland Guardians,Progressive Field,Cleveland,$31
Minnesota Twins at Cleveland Guardians,7/22/2026,Cleveland Guardians,Progressive Field,Cleveland,$31
New York Mets at Atlanta Braves,8/12/2026,Atlanta Braves,Truist Park,Atlanta,$31
Chicago White Sox at Cleveland Guardians,7/5/2026,Cleveland Guardians,Progressive Field,Cleveland,$31
New York Mets at Atlanta Braves,8/10/2026,Atlanta Braves,Truist Park,Atlanta,$31
New York Yankees at Kansas City Royals,5/27/2026,Kansas City Royals,Kauffman Stadium,Kansas City,$31
Toronto Blue Jays at Atlanta Braves,6/3/2026,Atlanta Braves,Truist Park,Atlanta,$31
Pittsburgh Pirates at Washington Nationals,7/3/2026,Washington Nationals,Nationals Park,Washington DC,$30
Seattle Mariners at Boston Red Sox,9/2/2026,Boston Red Sox,Fenway Park,Boston,$30
Seattle Mariners at Houston Astros,8/15/2026,Houston Astros,Daikin Park,Houston,$30
Los Angeles Angels at Minnesota Twins,7/11/2026,Minnesota Twins,Target Field,Minneapolis,$30
New York Mets at San Diego Padres,6/7/2026,San Diego Padres,PETCO Park,San Diego,$30
Tampa Bay Rays at Houston Astros,7/4/2026,Houston Astros,Daikin Park,Houston,$30
Philadelphia Phillies at Detroit Tigers,7/11/2026,Detroit Tigers,Comerica Park,Detroit,$30
New York Yankees at Baltimore Orioles,8/19/2026,Baltimore Orioles,Oriole Park at Camden Yards,Baltimore,$30
Colorado Rockies at New York Yankees,9/8/2026,New York Yankees,Yankee Stadium,Bronx,$30
Kansas City Royals at Baltimore Orioles (Reversible Floppy Hat Giveaway),7/10/2026,Baltimore Orioles,Oriole Park at Camden Yards,Baltimore,$30
New York Yankees at Los Angeles Angels,9/2/2026,Los Angeles Angels,Angel Stadium,Anaheim,$30
Philadelphia Phillies at New York Mets,9/20/2026,New York Mets,Citi Field,Flushing,$30
Philadelphia Phillies at New York Mets,9/18/2026,New York Mets,Citi Field,Flushing,$30
San Francisco Giants at New York Mets,9/6/2026,New York Mets,Citi Field,Flushing,$30
Miami Marlins at New York Mets,8/2/2026,New York Mets,Citi Field,Flushing,$30
Philadelphia Phillies at Atlanta Braves,9/11/2026,Atlanta Braves,Truist Park,Atlanta,$30
Houston Astros at New York Mets,8/30/2026,New York Mets,Citi Field,Flushing,$30
New York Mets at Atlanta Braves,7/5/2026,Atlanta Braves,Truist Park,Atlanta,$30
Arizona Diamondbacks at Houston Astros,9/5/2026,Houston Astros,Daikin Park,Houston,$30
Milwaukee Brewers at Baltimore Orioles (Fan Choice Item Giveaway),9/19/2026,Baltimore Orioles,Oriole Park at Camden Yards,Baltimore,$30
Baltimore Orioles at Toronto Blue Jays,9/13/2026,Toronto Blue Jays,Rogers Centre,Toronto,$30
Baltimore Orioles at Toronto Blue Jays (Blue Jays Classic Retro Bag Giveaway),9/11/2026,Toronto Blue Jays,Rogers Centre,Toronto,$30
Tampa Bay Rays at Toronto Blue Jays,7/23/2026,Toronto Blue Jays,Rogers Centre,Toronto,$30
Tampa Bay Rays at Toronto Blue Jays,7/21/2026,Toronto Blue Jays,Rogers Centre,Toronto,$30
Tampa Bay Rays at Toronto Blue Jays,7/20/2026,Toronto Blue Jays,Rogers Centre,Toronto,$30
Cleveland Guardians at Boston Red Sox,9/23/2026,Boston Red Sox,Fenway Park,Boston,$30
Philadelphia Phillies at Toronto Blue Jays,6/9/2026,Toronto Blue Jays,Rogers Centre,Toronto,$30
Arizona Diamondbacks at San Diego Padres,9/26/2026,San Diego Padres,PETCO Park,San Diego,$30
Los Angeles Angels at Seattle Mariners,9/27/2026,Seattle Mariners,T-Mobile Park,Seattle,$30
Athletics at Seattle Mariners,9/4/2026,Seattle Mariners,T-Mobile Park,Seattle,$30
Athletics at Cleveland Guardians (125th Anniversary Pennant Giveaway),9/19/2026,Cleveland Guardians,Progressive Field,Cleveland,$30
Athletics at Cleveland Guardians,9/18/2026,Cleveland Guardians,Progressive Field,Cleveland,$30
Cincinnati Reds at Seattle Mariners,7/22/2026,Seattle Mariners,T-Mobile Park,Seattle,$30
Arizona Diamondbacks at Seattle Mariners (90s Pin Giveaway),5/31/2026,Seattle Mariners,T-Mobile Park,Seattle,$30
Cincinnati Reds at Washington Nationals (Jordan Davis Postgame Concert),8/7/2026,Washington Nationals,Nationals Park,Washington DC,$30
New York Mets at Washington Nationals,9/26/2026,Washington Nationals,Nationals Park,Washington DC,$30
Houston Astros at Texas Rangers,7/12/2026,Texas Rangers,Globe Life Field,Arlington,$30
Texas Rangers at Tampa Bay Rays,7/29/2026,Tampa Bay Rays,Tropicana Field,Saint Petersburg,$30
Texas Rangers at Minnesota Twins,9/27/2026,Minnesota Twins,Target Field,Minneapolis,$30
Texas Rangers at Tampa Bay Rays,7/28/2026,Tampa Bay Rays,Tropicana Field,Saint Petersburg,$30
New York Yankees at Minnesota Twins,9/14/2026,Minnesota Twins,Target Field,Minneapolis,$30
Colorado Rockies at Detroit Tigers (Dustin Lynch Postgame Concert),9/11/2026,Detroit Tigers,Comerica Park,Detroit,$30
Los Angeles Dodgers at Minnesota Twins,6/24/2026,Minnesota Twins,Target Field,Minneapolis,$30
Chicago Cubs at Miami Marlins,9/4/2026,Miami Marlins,loanDepot Park,Miami,$30
Cleveland Guardians at Houston Astros,6/20/2026,Houston Astros,Daikin Park,Houston,$30
Philadelphia Phillies at Detroit Tigers,7/10/2026,Detroit Tigers,Comerica Park,Detroit,$30
Tampa Bay Rays at Baltimore Orioles (Orioles Cap Giveaway),8/23/2026,Baltimore Orioles,Oriole Park at Camden Yards,Baltimore,$30
Chicago Cubs at Milwaukee Brewers,9/9/2026,Milwaukee Brewers,American Family Field,Milwaukee,$30
Kansas City Royals at Baltimore Orioles,7/12/2026,Baltimore Orioles,Oriole Park at Camden Yards,Baltimore,$30
Atlanta Braves at Chicago Cubs,9/15/2026,Chicago Cubs,Wrigley Field,Chicago,$30
New York Yankees at Los Angeles Angels,8/31/2026,Los Angeles Angels,Angel Stadium,Anaheim,$30
Milwaukee Brewers at Athletics,6/10/2026,Athletics,Las Vegas Ballpark,Las Vegas,$30
San Francisco Giants at Arizona Diamondbacks,6/30/2026,Arizona Diamondbacks,Chase Field,Phoenix,$30
Colorado Rockies at Atlanta Braves,8/28/2026,Atlanta Braves,Truist Park,Atlanta,$30
Houston Astros at Kansas City Royals,6/12/2026,Kansas City Royals,Kauffman Stadium,Kansas City,$30
San Diego Padres at Atlanta Braves,7/22/2026,Atlanta Braves,Truist Park,Atlanta,$30
Colorado Rockies at Chicago Cubs,6/17/2026,Chicago Cubs,Wrigley Field,Chicago,$30
Texas Rangers at Atlanta Braves,7/19/2026,Atlanta Braves,Truist Park,Atlanta,$30
Colorado Rockies at Chicago Cubs,6/16/2026,Chicago Cubs,Wrigley Field,Chicago,$30
Atlanta Braves at New York Mets,6/12/2026,New York Mets,Citi Field,Flushing,$30
St. Louis Cardinals at Atlanta Braves,7/2/2026,Atlanta Braves,Truist Park,Atlanta,$30
Houston Astros at San Diego Padres,8/7/2026,San Diego Padres,PETCO Park,San Diego,$29
Texas Rangers at Athletics,8/16/2026,Athletics,Sutter Health Park,West Sacramento,$29
Atlanta Braves at New York Yankees,8/9/2026,New York Yankees,Yankee Stadium,Bronx,$29
San Francisco Giants at New York Mets,9/4/2026,New York Mets,Citi Field,Flushing,$29
Texas Rangers at Atlanta Braves,7/17/2026,Atlanta Braves,Truist Park,Atlanta,$29
Philadelphia Phillies at New York Mets,6/26/2026,New York Mets,Citi Field,Flushing,$29
Los Angeles Dodgers at Colorado Rockies,8/19/2026,Colorado Rockies,Coors Field,Denver,$29
Los Angeles Dodgers at Colorado Rockies,8/18/2026,Colorado Rockies,Coors Field,Denver,$29
Los Angeles Dodgers at Colorado Rockies,8/17/2026,Colorado Rockies,Coors Field,Denver,$29
Kansas City Royals at Colorado Rockies (Colorado 150th Birthday Wearable Flag Giveaway),8/1/2026,Colorado Rockies,Coors Field,Denver,$29
Seattle Mariners at Houston Astros,8/14/2026,Houston Astros,Daikin Park,Houston,$29
Pittsburgh Pirates at Colorado Rockies (Soccer Jersey Giveaway),6/20/2026,Colorado Rockies,Coors Field,Denver,$29
Toronto Blue Jays at Kansas City Royals (Royal-Tees Giveaway),9/5/2026,Kansas City Royals,Kauffman Stadium,Kansas City,$29
Arizona Diamondbacks at Seattle Mariners,5/29/2026,Seattle Mariners,T-Mobile Park,Seattle,$29
Baltimore Orioles at Toronto Blue Jays,6/5/2026,Toronto Blue Jays,Rogers Centre,Toronto,$29
Miami Marlins at San Diego Padres,9/19/2026,San Diego Padres,PETCO Park,San Diego,$29
Los Angeles Angels at Boston Red Sox,9/8/2026,Boston Red Sox,Fenway Park,Boston,$29
Philadelphia Phillies at Seattle Mariners,8/24/2026,Seattle Mariners,T-Mobile Park,Seattle,$29
Detroit Tigers at Seattle Mariners,8/6/2026,Seattle Mariners,T-Mobile Park,Seattle,$29
Arizona Diamondbacks at Washington Nationals (Jason Derulo Postgame Concert),7/24/2026,Washington Nationals,Nationals Park,Washington DC,$28
San Diego Padres at Texas Rangers,6/19/2026,Texas Rangers,Globe Life Field,Arlington,$28
Toronto Blue Jays at Tampa Bay Rays,8/18/2026,Tampa Bay Rays,Tropicana Field,Saint Petersburg,$28
Chicago Cubs at Cincinnati Reds,9/20/2026,Cincinnati Reds,Great American Ball Park,Cincinnati,$28
Texas Rangers at Tampa Bay Rays,7/30/2026,Tampa Bay Rays,Tropicana Field,Saint Petersburg,$28
Los Angeles Dodgers at Cincinnati Reds,9/17/2026,Cincinnati Reds,Great American Ball Park,Cincinnati,$28
Atlanta Braves at Minnesota Twins,8/19/2026,Minnesota Twins,Target Field,Minneapolis,$28
Arizona Diamondbacks at Houston Astros,9/6/2026,Houston Astros,Daikin Park,Houston,$28
Kansas City Royals at Minnesota Twins,7/30/2026,Minnesota Twins,Target Field,Minneapolis,$28
Seattle Mariners at Houston Astros,8/16/2026,Houston Astros,Daikin Park,Houston,$28
Toronto Blue Jays at Houston Astros,8/5/2026,Houston Astros,Daikin Park,Houston,$28
Texas Rangers at Houston Astros,8/2/2026,Houston Astros,Daikin Park,Houston,$28
Chicago Cubs at Cincinnati Reds,7/12/2026,Cincinnati Reds,Great American Ball Park,Cincinnati,$28
Baltimore Orioles at Houston Astros,7/18/2026,Houston Astros,Daikin Park,Houston,$28
Cleveland Guardians at Houston Astros,6/21/2026,Houston Astros,Daikin Park,Houston,$28
Atlanta Braves at Cincinnati Reds (Spencer Steer Baseball Card Bobblehead Giveaway),5/30/2026,Cincinnati Reds,Great American Ball Park,Cincinnati,$28
Cleveland Guardians at Baltimore Orioles,9/8/2026,Baltimore Orioles,Oriole Park at Camden Yards,Baltimore,$28
Philadelphia Phillies at Detroit Tigers,7/12/2026,Detroit Tigers,Comerica Park,Detroit,$28
San Francisco Giants at Miami Marlins,6/21/2026,Miami Marlins,loanDepot Park,Miami,$28
San Francisco Giants at Miami Marlins,6/20/2026,Miami Marlins,loanDepot Park,Miami,$28
Boston Red Sox at Baltimore Orioles,9/3/2026,Baltimore Orioles,Oriole Park at Camden Yards,Baltimore,$28
Tampa Bay Rays at Athletics,8/12/2026,Athletics,Sutter Health Park,West Sacramento,$28
Cincinnati Reds at Milwaukee Brewers,9/12/2026,Milwaukee Brewers,American Family Field,Milwaukee,$28
Philadelphia Phillies at Milwaukee Brewers,6/14/2026,Milwaukee Brewers,American Family Field,Milwaukee,$28
Miami Marlins at Chicago Cubs (Fan Appreciation),9/24/2026,Chicago Cubs,Wrigley Field,Chicago,$28
Arizona Diamondbacks at Atlanta Braves,8/16/2026,Atlanta Braves,Truist Park,Atlanta,$28
Arizona Diamondbacks at Atlanta Braves,8/14/2026,Atlanta Braves,Truist Park,Atlanta,$28
Athletics at Chicago White Sox (Mexican Heritage Night),7/10/2026,Chicago White Sox,Rate Field,Chicago,$28
Washington Nationals at Atlanta Braves (Andruw Jones Bobblehead Giveaway),7/30/2026,Atlanta Braves,Truist Park,Atlanta,$28
Colorado Rockies at Milwaukee Brewers,7/24/2026,Milwaukee Brewers,American Family Field,Milwaukee,$28
Los Angeles Dodgers at Chicago White Sox (Homies Big Head Figure Giveaway),6/12/2026,Chicago White Sox,Rate Field,Chicago,$28
Athletics at Chicago Cubs,6/2/2026,Chicago Cubs,Wrigley Field,Chicago,$28
Cleveland Guardians at Boston Red Sox,9/22/2026,Boston Red Sox,Fenway Park,Boston,$28
Kansas City Royals at Baltimore Orioles (Hot Dog Race Caps Giveaway),7/11/2026,Baltimore Orioles,Oriole Park at Camden Yards,Baltimore,$28
San Diego Padres at New York Mets,8/19/2026,New York Mets,Citi Field,Flushing,$28
Los Angeles Dodgers at Arizona Diamondbacks,6/3/2026,Arizona Diamondbacks,Chase Field,Phoenix,$28
Los Angeles Dodgers at Arizona Diamondbacks,6/2/2026,Arizona Diamondbacks,Chase Field,Phoenix,$28
Philadelphia Phillies at New York Mets,6/28/2026,New York Mets,Citi Field,Flushing,$28
Chicago Cubs at New York Mets,6/25/2026,New York Mets,Citi Field,Flushing,$28
Kansas City Royals at Colorado Rockies (City Connect Floppy Hat Giveaway),7/31/2026,Colorado Rockies,Coors Field,Denver,$28
Athletics at Houston Astros,8/21/2026,Houston Astros,Daikin Park,Houston,$28
Chicago Cubs at Colorado Rockies,6/11/2026,Colorado Rockies,Coors Field,Denver,$28
Chicago Cubs at Colorado Rockies,6/9/2026,Colorado Rockies,Coors Field,Denver,$28
Milwaukee Brewers at Colorado Rockies,6/6/2026,Colorado Rockies,Coors Field,Denver,$28
Milwaukee Brewers at Colorado Rockies,6/6/2026,Colorado Rockies,Coors Field,Denver,$28
Chicago White Sox at St. Louis Cardinals (2006 World Series All-Over Print Shirt Giveaway),9/11/2026,St. Louis Cardinals,Busch Stadium,St. Louis,$28
Miami Marlins at St. Louis Cardinals,6/27/2026,St. Louis Cardinals,Busch Stadium,St. Louis,$28
San Diego Padres at Philadelphia Phillies,6/4/2026,Philadelphia Phillies,Citizens Bank Park,Philadelphia,$28
Chicago White Sox at Detroit Tigers,8/15/2026,Detroit Tigers,Comerica Park,Detroit,$28
Los Angeles Angels at Seattle Mariners,9/25/2026,Seattle Mariners,T-Mobile Park,Seattle,$28
Chicago Cubs at Washington Nationals,8/11/2026,Washington Nationals,Nationals Park,Washington DC,$27
Los Angeles Dodgers at Cincinnati Reds,9/16/2026,Cincinnati Reds,Great American Ball Park,Cincinnati,$27
Los Angeles Dodgers at Cincinnati Reds,9/14/2026,Cincinnati Reds,Great American Ball Park,Cincinnati,$27
Los Angeles Dodgers at Cincinnati Reds,9/15/2026,Cincinnati Reds,Great American Ball Park,Cincinnati,$27
New York Yankees at Minnesota Twins,9/15/2026,Minnesota Twins,Target Field,Minneapolis,$27
Milwaukee Brewers at San Diego Padres,8/11/2026,San Diego Padres,PETCO Park,San Diego,$27
Philadelphia Phillies at Minnesota Twins,8/16/2026,Minnesota Twins,Target Field,Minneapolis,$27
Los Angeles Angels at Tampa Bay Rays,5/31/2026,Tampa Bay Rays,Tropicana Field,Saint Petersburg,$27
Los Angeles Angels at Minnesota Twins,7/10/2026,Minnesota Twins,Target Field,Minneapolis,$27
Colorado Rockies at Minnesota Twins (Ludacris Postgame Concert),6/26/2026,Minnesota Twins,Target Field,Minneapolis,$27
Baltimore Orioles at Houston Astros,7/17/2026,Houston Astros,Daikin Park,Houston,$27
St. Louis Cardinals at Milwaukee Brewers,9/25/2026,Milwaukee Brewers,American Family Field,Milwaukee,$27
Houston Astros at San Francisco Giants,8/11/2026,San Francisco Giants,Oracle Park,San Francisco,$27
Miami Marlins at Chicago Cubs,9/22/2026,Chicago Cubs,Wrigley Field,Chicago,$27
Atlanta Braves at Chicago Cubs,9/14/2026,Chicago Cubs,Wrigley Field,Chicago,$27
San Diego Padres at Baltimore Orioles,6/12/2026,Baltimore Orioles,Oriole Park at Camden Yards,Baltimore,$27
Toronto Blue Jays at Baltimore Orioles,9/21/2026,Baltimore Orioles,Oriole Park at Camden Yards,Baltimore,$27
Chicago Cubs at Pittsburgh Pirates,5/27/2026,Pittsburgh Pirates,PNC Park,Pittsburgh,$27
Chicago Cubs at Pittsburgh Pirates,5/26/2026,Pittsburgh Pirates,PNC Park,Pittsburgh,$27
San Diego Padres at Kansas City Royals,7/17/2026,Kansas City Royals,Kauffman Stadium,Kansas City,$27
Philadelphia Phillies at Kansas City Royals,7/5/2026,Kansas City Royals,Kauffman Stadium,Kansas City,$27
Tampa Bay Rays at Kansas City Royals (Armed Forces Day Thermo Giveaway),7/2/2026,Kansas City Royals,Kauffman Stadium,Kansas City,$27
Washington Nationals at Atlanta Braves,8/2/2026,Atlanta Braves,Truist Park,Atlanta,$27
New York Mets at Milwaukee Brewers,7/22/2026,Milwaukee Brewers,American Family Field,Milwaukee,$27
Los Angeles Dodgers at Chicago White Sox (Colson Montgomery Bobblehead Giveaway),6/13/2026,Chicago White Sox,Rate Field,Chicago,$27
New York Mets at Atlanta Braves,7/6/2026,Atlanta Braves,Truist Park,Atlanta,$27
Washington Nationals at Cleveland Guardians,5/27/2026,Cleveland Guardians,Progressive Field,Cleveland,$27
Toronto Blue Jays at Tampa Bay Rays,8/20/2026,Tampa Bay Rays,Tropicana Field,Saint Petersburg,$27
Miami Marlins at Philadelphia Phillies,6/17/2026,Philadelphia Phillies,Citizens Bank Park,Philadelphia,$27
Athletics at Minnesota Twins,7/24/2026,Minnesota Twins,Target Field,Minneapolis,$27
Cincinnati Reds at Colorado Rockies (Hot Dog Hat Giveaway),7/18/2026,Colorado Rockies,Coors Field,Denver,$27
St. Louis Cardinals at Minnesota Twins,6/13/2026,Minnesota Twins,Target Field,Minneapolis,$27
Pittsburgh Pirates at Colorado Rockies (Fathers Day Hawaiian Shirt Giveaway),6/21/2026,Colorado Rockies,Coors Field,Denver,$27
Chicago Cubs at Colorado Rockies,6/10/2026,Colorado Rockies,Coors Field,Denver,$27
San Francisco Giants at Colorado Rockies,5/30/2026,Colorado Rockies,Coors Field,Denver,$27
Toronto Blue Jays at New York Yankees,8/23/2026,New York Yankees,Yankee Stadium,Bronx,$27
New York Yankees at Los Angeles Angels,9/1/2026,Los Angeles Angels,Angel Stadium,Anaheim,$27
Baltimore Orioles at New York Mets,9/15/2026,New York Mets,Citi Field,Flushing,$27
Detroit Tigers at Kansas City Royals (City Connect Crossbody Bag Giveaway),8/21/2026,Kansas City Royals,Kauffman Stadium,Kansas City,$27
New York Mets at Seattle Mariners,6/1/2026,Seattle Mariners,T-Mobile Park,Seattle,$27
Atlanta Braves at New York Mets,7/28/2026,New York Mets,Citi Field,Flushing,$27
Colorado Rockies at St. Louis Cardinals,8/7/2026,St. Louis Cardinals,Busch Stadium,St. Louis,$27
Cincinnati Reds at St. Louis Cardinals (Victory Blue Saturday Jersey Giveaway),7/25/2026,St. Louis Cardinals,Busch Stadium,St. Louis,$27
Atlanta Braves at St. Louis Cardinals (Cardinals Garage Shirt Giveaway),7/10/2026,St. Louis Cardinals,Busch Stadium,St. Louis,$27
Miami Marlins at St. Louis Cardinals (Cardinals All-Over Print Shirt and Shorts Set Giveaway),6/26/2026,St. Louis Cardinals,Busch Stadium,St. Louis,$27
Toronto Blue Jays at Texas Rangers,9/20/2026,Texas Rangers,Globe Life Field,Arlington,$27
Texas Rangers at Toronto Blue Jays,6/25/2026,Toronto Blue Jays,Rogers Centre,Toronto,$27
Houston Astros at Toronto Blue Jays (Domer Hat Giveaway),6/24/2026,Toronto Blue Jays,Rogers Centre,Toronto,$27
MLB All Star Village,7/13/2026,MLB All Star Village,Pennsylvania Convention Center,Philadelphia,$26
Boston Red Sox at Texas Rangers,9/17/2026,Texas Rangers,Globe Life Field,Arlington,$26
Boston Red Sox at Texas Rangers,9/16/2026,Texas Rangers,Globe Life Field,Arlington,$26
New York Mets at Washington Nationals,9/27/2026,Washington Nationals,Nationals Park,Washington DC,$26
Chicago Cubs at Cincinnati Reds,9/18/2026,Cincinnati Reds,Great American Ball Park,Cincinnati,$26
Milwaukee Brewers at Cincinnati Reds (Ludacris Postgame Concert),9/4/2026,Cincinnati Reds,Great American Ball Park,Cincinnati,$26
Chicago White Sox at Houston Astros,9/1/2026,Houston Astros,Daikin Park,Houston,$26
Athletics at Houston Astros,8/23/2026,Houston Astros,Daikin Park,Houston,$26
Arizona Diamondbacks at San Diego Padres,7/6/2026,San Diego Padres,PETCO Park,San Diego,$26
Atlanta Braves at San Diego Padres,6/24/2026,San Diego Padres,PETCO Park,San Diego,$26
Toronto Blue Jays at Houston Astros,8/4/2026,Houston Astros,Daikin Park,Houston,$26
Toronto Blue Jays at Houston Astros,8/3/2026,Houston Astros,Daikin Park,Houston,$26
Kansas City Royals at Minnesota Twins,6/7/2026,Minnesota Twins,Target Field,Minneapolis,$26
Baltimore Orioles at Cincinnati Reds,7/3/2026,Cincinnati Reds,Great American Ball Park,Cincinnati,$26
Boston Red Sox at Miami Marlins,8/26/2026,Miami Marlins,loanDepot Park,Miami,$26
Cleveland Guardians at Houston Astros,6/19/2026,Houston Astros,Daikin Park,Houston,$26
Arizona Diamondbacks at Cincinnati Reds (Andrew Abbott Bobblehead Giveaway),6/13/2026,Cincinnati Reds,Great American Ball Park,Cincinnati,$26
Milwaukee Brewers at Houston Astros,5/29/2026,Houston Astros,Daikin Park,Houston,$26
Atlanta Braves at Cincinnati Reds,5/29/2026,Cincinnati Reds,Great American Ball Park,Cincinnati,$26
Kansas City Royals at Detroit Tigers,7/26/2026,Detroit Tigers,Comerica Park,Detroit,$26
Boston Red Sox at Baltimore Orioles,9/4/2026,Baltimore Orioles,Oriole Park at Camden Yards,Baltimore,$26
St. Louis Cardinals at San Francisco Giants,9/8/2026,San Francisco Giants,Oracle Park,San Francisco,$26
Houston Astros at Detroit Tigers,6/27/2026,Detroit Tigers,Comerica Park,Detroit,$26
New York Yankees at Detroit Tigers,6/22/2026,Detroit Tigers,Comerica Park,Detroit,$26
Chicago Cubs at Milwaukee Brewers,9/8/2026,Milwaukee Brewers,American Family Field,Milwaukee,$26
Chicago Cubs at Baltimore Orioles,7/8/2026,Baltimore Orioles,Oriole Park at Camden Yards,Baltimore,$26
Seattle Mariners at Detroit Tigers,6/6/2026,Detroit Tigers,Comerica Park,Detroit,$26
Miami Marlins at Chicago Cubs,9/23/2026,Chicago Cubs,Wrigley Field,Chicago,$26
Toronto Blue Jays at San Francisco Giants,7/6/2026,San Francisco Giants,Oracle Park,San Francisco,$26
Cincinnati Reds at Atlanta Braves,9/22/2026,Atlanta Braves,Truist Park,Atlanta,$26
Colorado Rockies at Atlanta Braves,8/30/2026,Atlanta Braves,Truist Park,Atlanta,$26
New York Mets at Atlanta Braves,8/11/2026,Atlanta Braves,Truist Park,Atlanta,$26
Washington Nationals at San Francisco Giants,6/8/2026,San Francisco Giants,Oracle Park,San Francisco,$26
Los Angeles Dodgers at Arizona Diamondbacks,6/4/2026,Arizona Diamondbacks,Chase Field,Phoenix,$26
Detroit Tigers at Chicago White Sox (Kyle Teel and Edgar Quero Bobblehead Giveaway),5/30/2026,Chicago White Sox,Rate Field,Chicago,$26
Seattle Mariners at Colorado Rockies,9/19/2026,Colorado Rockies,Coors Field,Denver,$25
Miami Marlins at San Diego Padres,9/18/2026,San Diego Padres,PETCO Park,San Diego,$25
Cleveland Guardians at Colorado Rockies,8/22/2026,Colorado Rockies,Coors Field,Denver,$25
Cincinnati Reds at Colorado Rockies (City Connect Mystery Player Jersey Giveaway),7/17/2026,Colorado Rockies,Coors Field,Denver,$25
Boston Red Sox at Colorado Rockies,6/24/2026,Colorado Rockies,Coors Field,Denver,$25
Boston Red Sox at Colorado Rockies,6/22/2026,Colorado Rockies,Coors Field,Denver,$25
Tampa Bay Rays at Baltimore Orioles (I Love the 90s Postgame Concert),8/21/2026,Baltimore Orioles,Oriole Park at Camden Yards,Baltimore,$25
Colorado Rockies at St. Louis Cardinals (Cardinals Polo Giveaway),8/8/2026,St. Louis Cardinals,Busch Stadium,St. Louis,$25
Chicago Cubs at St. Louis Cardinals,7/29/2026,St. Louis Cardinals,Busch Stadium,St. Louis,$25
Milwaukee Brewers at St. Louis Cardinals,7/6/2026,St. Louis Cardinals,Busch Stadium,St. Louis,$25
San Diego Padres at New York Mets,8/17/2026,New York Mets,Citi Field,Flushing,$25
Atlanta Braves at New York Mets,6/14/2026,New York Mets,Citi Field,Flushing,$25
Miami Marlins at Philadelphia Phillies,6/15/2026,Philadelphia Phillies,Citizens Bank Park,Philadelphia,$25
Chicago Cubs at St. Louis Cardinals,7/27/2026,St. Louis Cardinals,Busch Stadium,St. Louis,$25
MLB All Star Village,7/11/2026,MLB All Star Village,Pennsylvania Convention Center,Philadelphia,$25
Toronto Blue Jays at Washington Nationals,7/27/2026,Washington Nationals,Nationals Park,Washington DC,$25
Los Angeles Angels at Texas Rangers,8/22/2026,Texas Rangers,Globe Life Field,Arlington,$25
Seattle Mariners at Washington Nationals (Daylen Lile Bobblehead Giveaway),6/13/2026,Washington Nationals,Nationals Park,Washington DC,$25
San Diego Padres at Washington Nationals (Taio Cruz Postgame Concert),5/29/2026,Washington Nationals,Nationals Park,Washington DC,$25
Detroit Tigers at Texas Rangers,7/2/2026,Texas Rangers,Globe Life Field,Arlington,$25
Cleveland Guardians at Texas Rangers,6/7/2026,Texas Rangers,Globe Life Field,Arlington,$25
Cleveland Guardians at Texas Rangers,6/6/2026,Texas Rangers,Globe Life Field,Arlington,$25
Toronto Blue Jays at Tampa Bay Rays,8/19/2026,Tampa Bay Rays,Tropicana Field,Saint Petersburg,$25
Baltimore Orioles at Tampa Bay Rays,8/17/2026,Tampa Bay Rays,Tropicana Field,Saint Petersburg,$25
Miami Marlins at San Diego Padres (Superhero Lunch Box Giveaway),9/20/2026,San Diego Padres,PETCO Park,San Diego,$25
Cleveland Guardians at Minnesota Twins,9/13/2026,Minnesota Twins,Target Field,Minneapolis,$25
Chicago White Sox at Minnesota Twins,8/28/2026,Minnesota Twins,Target Field,Minneapolis,$25
Arizona Diamondbacks at Houston Astros,9/4/2026,Houston Astros,Daikin Park,Houston,$25
Miami Marlins at Cincinnati Reds,8/15/2026,Cincinnati Reds,Great American Ball Park,Cincinnati,$25
Detroit Tigers at Tampa Bay Rays,6/2/2026,Tampa Bay Rays,Tropicana Field,Saint Petersburg,$25
Detroit Tigers at Tampa Bay Rays,6/1/2026,Tampa Bay Rays,Tropicana Field,Saint Petersburg,$25
Arizona Diamondbacks at San Diego Padres,7/9/2026,San Diego Padres,PETCO Park,San Diego,$25
Baltimore Orioles at Houston Astros,7/19/2026,Houston Astros,Daikin Park,Houston,$25
Minnesota Twins at Houston Astros,7/1/2026,Houston Astros,Daikin Park,Houston,$25
Boston Red Sox at Miami Marlins,8/24/2026,Miami Marlins,loanDepot Park,Miami,$25
Athletics at Houston Astros,6/6/2026,Houston Astros,Daikin Park,Houston,$25
Atlanta Braves at Cincinnati Reds,5/31/2026,Cincinnati Reds,Great American Ball Park,Cincinnati,$25
Houston Astros at Detroit Tigers,6/26/2026,Detroit Tigers,Comerica Park,Detroit,$25
Cincinnati Reds at San Francisco Giants,8/24/2026,San Francisco Giants,Oracle Park,San Francisco,$25
Chicago White Sox at Detroit Tigers,6/20/2026,Detroit Tigers,Comerica Park,Detroit,$25
Houston Astros at San Francisco Giants,8/10/2026,San Francisco Giants,Oracle Park,San Francisco,$25
Texas Rangers at Milwaukee Brewers,8/29/2026,Milwaukee Brewers,American Family Field,Milwaukee,$25
Milwaukee Brewers at San Francisco Giants,7/27/2026,San Francisco Giants,Oracle Park,San Francisco,$25
Colorado Rockies at San Francisco Giants,7/9/2026,San Francisco Giants,Oracle Park,San Francisco,$25
Cincinnati Reds at Atlanta Braves,9/24/2026,Atlanta Braves,Truist Park,Atlanta,$25
Miami Marlins at Atlanta Braves,8/6/2026,Atlanta Braves,Truist Park,Atlanta,$25
Seattle Mariners at Athletics,5/26/2026,Athletics,Sutter Health Park,West Sacramento,$25
Kansas City Royals at Chicago White Sox (Americas 250th Homage T-Shirt Giveaway),6/27/2026,Chicago White Sox,Rate Field,Chicago,$25
San Diego Padres at Atlanta Braves,7/23/2026,Atlanta Braves,Truist Park,Atlanta,$25
San Diego Padres at Atlanta Braves,7/20/2026,Atlanta Braves,Truist Park,Atlanta,$25
Pittsburgh Pirates at Atlanta Braves,6/7/2026,Atlanta Braves,Truist Park,Atlanta,$25
Atlanta Braves at Miami Marlins,9/25/2026,Miami Marlins,loanDepot Park,Miami,$24
Detroit Tigers at Toronto Blue Jays,9/15/2026,Toronto Blue Jays,Rogers Centre,Toronto,$24
Detroit Tigers at Toronto Blue Jays,9/14/2026,Toronto Blue Jays,Rogers Centre,Toronto,$24
Kansas City Royals at Toronto Blue Jays,8/25/2026,Toronto Blue Jays,Rogers Centre,Toronto,$24
Houston Astros at Toronto Blue Jays,6/23/2026,Toronto Blue Jays,Rogers Centre,Toronto,$24
Cleveland Guardians at Colorado Rockies,8/21/2026,Colorado Rockies,Coors Field,Denver,$24
Kansas City Royals at Colorado Rockies,8/2/2026,Colorado Rockies,Coors Field,Denver,$24
Cincinnati Reds at Colorado Rockies,7/19/2026,Colorado Rockies,Coors Field,Denver,$24
Boston Red Sox at Colorado Rockies,6/23/2026,Colorado Rockies,Coors Field,Denver,$24
Pittsburgh Pirates at Colorado Rockies,6/19/2026,Colorado Rockies,Coors Field,Denver,$24
Milwaukee Brewers at Colorado Rockies (City Connect Hat Giveaway),6/5/2026,Colorado Rockies,Coors Field,Denver,$24
San Francisco Giants at Colorado Rockies,5/31/2026,Colorado Rockies,Coors Field,Denver,$24
San Francisco Giants at Colorado Rockies,5/29/2026,Colorado Rockies,Coors Field,Denver,$24
New York Mets at Chicago White Sox (Wooden Domino Set Giveaway),8/22/2026,Chicago White Sox,Rate Field,Chicago,$24
Washington Nationals at St. Louis Cardinals (Cardinals Jersey Hoodie Giveaway),9/19/2026,St. Louis Cardinals,Busch Stadium,St. Louis,$24
New York Mets at Seattle Mariners,6/3/2026,Seattle Mariners,T-Mobile Park,Seattle,$24
Pittsburgh Pirates at St. Louis Cardinals (Cardinals Purse Giveaway),8/29/2026,St. Louis Cardinals,Busch Stadium,St. Louis,$24
Chicago Cubs at St. Louis Cardinals,7/28/2026,St. Louis Cardinals,Busch Stadium,St. Louis,$24
Cincinnati Reds at St. Louis Cardinals,7/24/2026,St. Louis Cardinals,Busch Stadium,St. Louis,$24
Cleveland Guardians at Kansas City Royals (Jersey Jacket Giveaway),9/26/2026,Kansas City Royals,Kauffman Stadium,Kansas City,$24
Cincinnati Reds at St. Louis Cardinals (Jim Edmonds Bobblehead Giveaway),6/6/2026,St. Louis Cardinals,Busch Stadium,St. Louis,$24
Miami Marlins at Washington Nationals,8/28/2026,Washington Nationals,Nationals Park,Washington DC,$24
Kansas City Royals at Texas Rangers,5/29/2026,Texas Rangers,Globe Life Field,Arlington,$24
Texas Rangers at Minnesota Twins,9/25/2026,Minnesota Twins,Target Field,Minneapolis,$24
Miami Marlins at Philadelphia Phillies,6/16/2026,Philadelphia Phillies,Citizens Bank Park,Philadelphia,$24
Chicago Cubs at Arizona Diamondbacks,8/26/2026,Arizona Diamondbacks,Chase Field,Phoenix,$24
Chicago Cubs at Arizona Diamondbacks,8/25/2026,Arizona Diamondbacks,Chase Field,Phoenix,$24
Chicago Cubs at Arizona Diamondbacks,8/24/2026,Arizona Diamondbacks,Chase Field,Phoenix,$24
Washington Nationals at New York Mets,8/14/2026,New York Mets,Citi Field,Flushing,$24
Minnesota Twins at New York Yankees,7/5/2026,New York Yankees,Yankee Stadium,Bronx,$24
Chicago White Sox at New York Yankees (Yankees Soccer Jersey Night),6/18/2026,New York Yankees,Yankee Stadium,Bronx,$24
Chicago Cubs at New York Mets,6/22/2026,New York Mets,Citi Field,Flushing,$24
St. Louis Cardinals at Colorado Rockies,9/5/2026,Colorado Rockies,Coors Field,Denver,$24
New York Mets at Texas Rangers,9/24/2026,Texas Rangers,Globe Life Field,Arlington,$23
San Diego Padres at Washington Nationals (CJ Abrams Baseball Card Bobblehead Giveaway),5/30/2026,Washington Nationals,Nationals Park,Washington DC,$23
Detroit Tigers at Texas Rangers,7/5/2026,Texas Rangers,Globe Life Field,Arlington,$23
Washington Nationals at San Diego Padres,9/7/2026,San Diego Padres,PETCO Park,San Diego,$23
Milwaukee Brewers at Cincinnati Reds (Elly De La Cruz Bobblehead Giveaway),9/5/2026,Cincinnati Reds,Great American Ball Park,Cincinnati,$23
Kansas City Royals at Houston Astros,9/15/2026,Houston Astros,Daikin Park,Houston,$23
Detroit Tigers at Tampa Bay Rays,6/3/2026,Tampa Bay Rays,Tropicana Field,Saint Petersburg,$23
Arizona Diamondbacks at San Diego Padres,7/7/2026,San Diego Padres,PETCO Park,San Diego,$23
Colorado Rockies at Detroit Tigers,9/12/2026,Detroit Tigers,Comerica Park,Detroit,$23
Miami Marlins at Houston Astros,7/22/2026,Houston Astros,Daikin Park,Houston,$23
Baltimore Orioles at Cincinnati Reds,7/5/2026,Cincinnati Reds,Great American Ball Park,Cincinnati,$23
Baltimore Orioles at Detroit Tigers,7/29/2026,Detroit Tigers,Comerica Park,Detroit,$23
Houston Astros at Detroit Tigers,6/28/2026,Detroit Tigers,Comerica Park,Detroit,$23
Los Angeles Angels at Baltimore Orioles,8/6/2026,Baltimore Orioles,Oriole Park at Camden Yards,Baltimore,$23
Los Angeles Angels at Baltimore Orioles,8/4/2026,Baltimore Orioles,Oriole Park at Camden Yards,Baltimore,$23
Seattle Mariners at Detroit Tigers,6/5/2026,Detroit Tigers,Comerica Park,Detroit,$23
Seattle Mariners at Los Angeles Angels,9/16/2026,Los Angeles Angels,Angel Stadium,Anaheim,$23
New York Mets at Chicago White Sox,8/21/2026,Chicago White Sox,Rate Field,Chicago,$23
Tampa Bay Rays at Atlanta Braves,9/9/2026,Atlanta Braves,Truist Park,Atlanta,$23
Houston Astros at Chicago White Sox (City Connect Warmup Giveaway),7/25/2026,Chicago White Sox,Rate Field,Chicago,$23
St. Louis Cardinals at Atlanta Braves,7/1/2026,Atlanta Braves,Truist Park,Atlanta,$23
St. Louis Cardinals at Atlanta Braves,6/30/2026,Atlanta Braves,Truist Park,Atlanta,$23
Seattle Mariners at Colorado Rockies,9/20/2026,Colorado Rockies,Coors Field,Denver,$23
St. Louis Cardinals at Colorado Rockies,9/6/2026,Colorado Rockies,Coors Field,Denver,$23
St. Louis Cardinals at Colorado Rockies,9/4/2026,Colorado Rockies,Coors Field,Denver,$23
Atlanta Braves at Miami Marlins,9/26/2026,Miami Marlins,loanDepot Park,Miami,$23
Milwaukee Brewers at Colorado Rockies (Dinger Bobblehead Giveaway),6/7/2026,Colorado Rockies,Coors Field,Denver,$23
San Diego Padres at Miami Marlins,7/24/2026,Miami Marlins,loanDepot Park,Miami,$23
Houston Astros at Seattle Mariners,9/23/2026,Seattle Mariners,T-Mobile Park,Seattle,$23
Houston Astros at Seattle Mariners,9/22/2026,Seattle Mariners,T-Mobile Park,Seattle,$23
Texas Rangers at Seattle Mariners (Andres Munoz POP Collectible Giveaway),9/10/2026,Seattle Mariners,T-Mobile Park,Seattle,$23
Texas Rangers at Seattle Mariners (Andres Munoz POP Collectible Giveaway),9/8/2026,Seattle Mariners,T-Mobile Park,Seattle,$23
Athletics at Seattle Mariners,9/3/2026,Seattle Mariners,T-Mobile Park,Seattle,$23
Detroit Tigers at Seattle Mariners,8/5/2026,Seattle Mariners,T-Mobile Park,Seattle,$23
Detroit Tigers at Seattle Mariners,8/4/2026,Seattle Mariners,T-Mobile Park,Seattle,$23
Cincinnati Reds at Seattle Mariners,7/21/2026,Seattle Mariners,T-Mobile Park,Seattle,$23
Cincinnati Reds at Seattle Mariners,7/20/2026,Seattle Mariners,T-Mobile Park,Seattle,$23
Atlanta Braves at Milwaukee Brewers,8/21/2026,Milwaukee Brewers,American Family Field,Milwaukee,$23
Baltimore Orioles at Seattle Mariners (Soccer Jersey Day Giveaway),6/18/2026,Seattle Mariners,T-Mobile Park,Seattle,$23
New York Mets at Seattle Mariners,6/2/2026,Seattle Mariners,T-Mobile Park,Seattle,$23
Baltimore Orioles at St. Louis Cardinals,8/25/2026,St. Louis Cardinals,Busch Stadium,St. Louis,$23
Athletics at Chicago White Sox (Alumni Postgame Home Run Derby),7/11/2026,Chicago White Sox,Rate Field,Chicago,$23
Colorado Rockies at Milwaukee Brewers,7/26/2026,Milwaukee Brewers,American Family Field,Milwaukee,$23
Chicago Cubs at St. Louis Cardinals,5/31/2026,St. Louis Cardinals,Busch Stadium,St. Louis,$23
Arizona Diamondbacks at Washington Nationals (Harry Potter Day Tank Top Giveaway),7/25/2026,Washington Nationals,Nationals Park,Washington DC,$23
Miami Marlins at Washington Nationals (James Wood Bobblehead Giveaway),8/29/2026,Washington Nationals,Nationals Park,Washington DC,$23
New York Mets at Washington Nationals (Nationals Football Jersey Giveaway),9/25/2026,Washington Nationals,Nationals Park,Washington DC,$23
Texas Rangers at Minnesota Twins,9/26/2026,Minnesota Twins,Target Field,Minneapolis,$23
Cleveland Guardians at Minnesota Twins,9/12/2026,Minnesota Twins,Target Field,Minneapolis,$23
Chicago White Sox at Minnesota Twins,8/29/2026,Minnesota Twins,Target Field,Minneapolis,$23
Colorado Rockies at Minnesota Twins,6/27/2026,Minnesota Twins,Target Field,Minneapolis,$23
San Diego Padres at Baltimore Orioles,6/14/2026,Baltimore Orioles,Oriole Park at Camden Yards,Baltimore,$23
Pittsburgh Pirates at New York Yankees (Yankees T-Shirt Night),7/20/2026,New York Yankees,Yankee Stadium,Bronx,$23
Houston Astros at New York Mets,8/28/2026,New York Mets,Citi Field,Flushing,$23
San Diego Padres at New York Mets,8/18/2026,New York Mets,Citi Field,Flushing,$23
Arizona Diamondbacks at Washington Nationals (Kids Plush Keychain Giveaway),7/26/2026,Washington Nationals,Nationals Park,Washington DC,$22
Philadelphia Phillies at Washington Nationals (Nationals Basketball Jersey Giveaway),6/23/2026,Washington Nationals,Nationals Park,Washington DC,$22
Minnesota Twins at Texas Rangers,6/18/2026,Texas Rangers,Globe Life Field,Arlington,$22
Chicago Cubs at Cincinnati Reds,9/19/2026,Cincinnati Reds,Great American Ball Park,Cincinnati,$22
Pittsburgh Pirates at San Diego Padres,8/25/2026,San Diego Padres,PETCO Park,San Diego,$22
Kansas City Royals at Tampa Bay Rays,6/22/2026,Tampa Bay Rays,Tropicana Field,Saint Petersburg,$22
Atlanta Braves at Minnesota Twins,8/17/2026,Minnesota Twins,Target Field,Minneapolis,$22
Baltimore Orioles at Minnesota Twins,8/10/2026,Minnesota Twins,Target Field,Minneapolis,$22
Pittsburgh Pirates at Cincinnati Reds (Terry Francona Bobblehead Giveaway),8/1/2026,Cincinnati Reds,Great American Ball Park,Cincinnati,$22
Los Angeles Angels at Houston Astros,8/20/2026,Houston Astros,Daikin Park,Houston,$22
Atlanta Braves at San Diego Padres,6/23/2026,San Diego Padres,PETCO Park,San Diego,$22
Cleveland Guardians at Minnesota Twins,7/9/2026,Minnesota Twins,Target Field,Minneapolis,$22
Cincinnati Reds at San Diego Padres,6/8/2026,San Diego Padres,PETCO Park,San Diego,$22
Miami Marlins at Houston Astros,7/20/2026,Houston Astros,Daikin Park,Houston,$22
Philadelphia Phillies at Cincinnati Reds,7/7/2026,Cincinnati Reds,Great American Ball Park,Cincinnati,$22
Kansas City Royals at Minnesota Twins,6/6/2026,Minnesota Twins,Target Field,Minneapolis,$22
Kansas City Royals at Minnesota Twins,6/4/2026,Minnesota Twins,Target Field,Minneapolis,$22
Milwaukee Brewers at Houston Astros,5/30/2026,Houston Astros,Daikin Park,Houston,$22
Cleveland Guardians at Miami Marlins,7/11/2026,Miami Marlins,loanDepot Park,Miami,$22
Minnesota Twins at San Francisco Giants,9/23/2026,San Francisco Giants,Oracle Park,San Francisco,$22
Minnesota Twins at San Francisco Giants,9/21/2026,San Francisco Giants,Oracle Park,San Francisco,$22
Chicago White Sox at Baltimore Orioles,7/1/2026,Baltimore Orioles,Oriole Park at Camden Yards,Baltimore,$22
Seattle Mariners at Detroit Tigers,6/7/2026,Detroit Tigers,Comerica Park,Detroit,$22
Milwaukee Brewers at San Francisco Giants,7/28/2026,San Francisco Giants,Oracle Park,San Francisco,$22
Toronto Blue Jays at Baltimore Orioles,9/23/2026,Baltimore Orioles,Oriole Park at Camden Yards,Baltimore,$22
Seattle Mariners at Milwaukee Brewers,8/20/2026,Milwaukee Brewers,American Family Field,Milwaukee,$22
Toronto Blue Jays at San Francisco Giants,7/7/2026,San Francisco Giants,Oracle Park,San Francisco,$22
Seattle Mariners at Milwaukee Brewers,8/19/2026,Milwaukee Brewers,American Family Field,Milwaukee,$22
Cincinnati Reds at Atlanta Braves,9/23/2026,Atlanta Braves,Truist Park,Atlanta,$22
Tampa Bay Rays at Atlanta Braves,9/10/2026,Atlanta Braves,Truist Park,Atlanta,$22
Tampa Bay Rays at Atlanta Braves (The Avett Brothers Postgame Concert),9/8/2026,Atlanta Braves,Truist Park,Atlanta,$22
San Francisco Giants at Kansas City Royals (Maikels Big Time Bat Flip Bobblehead Giveaway),7/21/2026,Kansas City Royals,Kauffman Stadium,Kansas City,$22
Texas Rangers at Los Angeles Angels (Mickey Mouse Bobblehead Giveaway),8/12/2026,Los Angeles Angels,Angel Stadium,Anaheim,$22
San Diego Padres at Kansas City Royals,7/19/2026,Kansas City Royals,Kauffman Stadium,Kansas City,$22
Boston Red Sox at Los Angeles Angels,7/4/2026,Los Angeles Angels,Angel Stadium,Anaheim,$22
San Diego Padres at Atlanta Braves (Ha-Seong Kim Bobblehead Giveaway),7/21/2026,Atlanta Braves,Truist Park,Atlanta,$22
Cleveland Guardians at Kansas City Royals,9/27/2026,Kansas City Royals,Kauffman Stadium,Kansas City,$22
Athletics at Chicago Cubs,6/3/2026,Chicago Cubs,Wrigley Field,Chicago,$22
Miami Marlins at Milwaukee Brewers,7/17/2026,Milwaukee Brewers,American Family Field,Milwaukee,$22
Toronto Blue Jays at Atlanta Braves,6/2/2026,Atlanta Braves,Truist Park,Atlanta,$22
Detroit Tigers at Toronto Blue Jays,9/16/2026,Toronto Blue Jays,Rogers Centre,Toronto,$22
Toronto Blue Jays at Texas Rangers,9/19/2026,Texas Rangers,Globe Life Field,Arlington,$22
Los Angeles Angels at Washington Nationals (Expos Replica Jersey Giveaway),9/12/2026,Washington Nationals,Nationals Park,Washington DC,$22
Baltimore Orioles at Colorado Rockies,8/31/2026,Colorado Rockies,Coors Field,Denver,$22
Cleveland Guardians at Colorado Rockies,8/23/2026,Colorado Rockies,Coors Field,Denver,$22
Miami Marlins at Cincinnati Reds (Rick Ross Postgame Concert),8/14/2026,Cincinnati Reds,Great American Ball Park,Cincinnati,$22
San Francisco Giants at Colorado Rockies,7/5/2026,Colorado Rockies,Coors Field,Denver,$22
Washington Nationals at Miami Marlins,8/22/2026,Miami Marlins,loanDepot Park,Miami,$22
Chicago White Sox at Detroit Tigers,8/14/2026,Detroit Tigers,Comerica Park,Detroit,$22
Los Angeles Angels at Miami Marlins,8/8/2026,Miami Marlins,loanDepot Park,Miami,$22
San Diego Padres at Miami Marlins,7/25/2026,Miami Marlins,loanDepot Park,Miami,$22
Los Angeles Angels at Seattle Mariners,9/24/2026,Seattle Mariners,T-Mobile Park,Seattle,$22
Texas Rangers at Seattle Mariners (Andres Munoz POP Collectible Giveaway),9/9/2026,Seattle Mariners,T-Mobile Park,Seattle,$22
Detroit Tigers at Kansas City Royals,8/23/2026,Kansas City Royals,Kauffman Stadium,Kansas City,$22
Houston Astros at Chicago White Sox,7/26/2026,Chicago White Sox,Rate Field,Chicago,$22
Cincinnati Reds at St. Louis Cardinals (Kids Fredbird Hat Giveaway),7/26/2026,St. Louis Cardinals,Busch Stadium,St. Louis,$22
Arizona Diamondbacks at St. Louis Cardinals,6/25/2026,St. Louis Cardinals,Busch Stadium,St. Louis,$22
San Diego Padres at St. Louis Cardinals,6/17/2026,St. Louis Cardinals,Busch Stadium,St. Louis,$22
Cleveland Guardians at Minnesota Twins,9/11/2026,Minnesota Twins,Target Field,Minneapolis,$22
Athletics at Minnesota Twins,7/26/2026,Minnesota Twins,Target Field,Minneapolis,$22
Baltimore Orioles at New York Mets,9/16/2026,New York Mets,Citi Field,Flushing,$22
Milwaukee Brewers at Arizona Diamondbacks,7/3/2026,Arizona Diamondbacks,Chase Field,Phoenix,$22
Milwaukee Brewers at New York Mets,8/25/2026,New York Mets,Citi Field,Flushing,$22
Washington Nationals at New York Mets,8/16/2026,New York Mets,Citi Field,Flushing,$22
Atlanta Braves at New York Mets,7/27/2026,New York Mets,Citi Field,Flushing,$22
Toronto Blue Jays at Washington Nationals,7/29/2026,Washington Nationals,Nationals Park,Washington DC,$21
Toronto Blue Jays at Washington Nationals,7/28/2026,Washington Nationals,Nationals Park,Washington DC,$21
Tampa Bay Rays at Texas Rangers,9/6/2026,Texas Rangers,Globe Life Field,Arlington,$21
Chicago Cubs at Washington Nationals,8/12/2026,Washington Nationals,Nationals Park,Washington DC,$21
Philadelphia Phillies at Washington Nationals,6/22/2026,Washington Nationals,Nationals Park,Washington DC,$21
Kansas City Royals at Washington Nationals (Historic Replica Jersey Giveaway),6/16/2026,Washington Nationals,Nationals Park,Washington DC,$21
San Francisco Giants at Texas Rangers,8/5/2026,Texas Rangers,Globe Life Field,Arlington,$21
Kansas City Royals at Texas Rangers,5/31/2026,Texas Rangers,Globe Life Field,Arlington,$21
Athletics at Tampa Bay Rays,9/16/2026,Tampa Bay Rays,Tropicana Field,Saint Petersburg,$21
Kansas City Royals at Tampa Bay Rays,6/25/2026,Tampa Bay Rays,Tropicana Field,Saint Petersburg,$21
Kansas City Royals at Tampa Bay Rays,6/24/2026,Tampa Bay Rays,Tropicana Field,Saint Petersburg,$21
Kansas City Royals at Tampa Bay Rays,6/23/2026,Tampa Bay Rays,Tropicana Field,Saint Petersburg,$21
Kansas City Royals at Houston Astros,9/16/2026,Houston Astros,Daikin Park,Houston,$21
Baltimore Orioles at Minnesota Twins,8/11/2026,Minnesota Twins,Target Field,Minneapolis,$21
Los Angeles Angels at Houston Astros,8/18/2026,Houston Astros,Daikin Park,Houston,$21
Los Angeles Angels at Minnesota Twins,7/12/2026,Minnesota Twins,Target Field,Minneapolis,$21
Cleveland Guardians at Cincinnati Reds,7/28/2026,Cincinnati Reds,Great American Ball Park,Cincinnati,$21
Cleveland Guardians at Cincinnati Reds,7/27/2026,Cincinnati Reds,Great American Ball Park,Cincinnati,$21
Cleveland Guardians at Minnesota Twins,7/7/2026,Minnesota Twins,Target Field,Minneapolis,$21
Philadelphia Phillies at Cincinnati Reds,7/9/2026,Cincinnati Reds,Great American Ball Park,Cincinnati,$21
Chicago White Sox at Minnesota Twins,6/3/2026,Minnesota Twins,Target Field,Minneapolis,$21
New York Mets at Cincinnati Reds,6/17/2026,Cincinnati Reds,Great American Ball Park,Cincinnati,$21
Arizona Diamondbacks at Cincinnati Reds,6/12/2026,Cincinnati Reds,Great American Ball Park,Cincinnati,$21
Philadelphia Phillies at Miami Marlins,7/28/2026,Miami Marlins,loanDepot Park,Miami,$21
Baltimore Orioles at Detroit Tigers,7/27/2026,Detroit Tigers,Comerica Park,Detroit,$21
Cincinnati Reds at San Francisco Giants,8/25/2026,San Francisco Giants,Oracle Park,San Francisco,$21
Chicago White Sox at Baltimore Orioles,6/30/2026,Baltimore Orioles,Oriole Park at Camden Yards,Baltimore,$21
Texas Rangers at Milwaukee Brewers,8/30/2026,Milwaukee Brewers,American Family Field,Milwaukee,$21
San Francisco Giants at Kansas City Royals,7/22/2026,Kansas City Royals,Kauffman Stadium,Kansas City,$21
Milwaukee Brewers at Los Angeles Angels (SpongeBob Angels Jersey Giveaway),7/31/2026,Los Angeles Angels,Angel Stadium,Anaheim,$21
Philadelphia Phillies at Kansas City Royals,7/6/2026,Kansas City Royals,Kauffman Stadium,Kansas City,$21
Boston Red Sox at Chicago White Sox,7/7/2026,Chicago White Sox,Rate Field,Chicago,$21
San Francisco Giants at Atlanta Braves,6/18/2026,Atlanta Braves,Truist Park,Atlanta,$21
San Francisco Giants at Atlanta Braves,6/16/2026,Atlanta Braves,Truist Park,Atlanta,$21
Kansas City Royals at Toronto Blue Jays,8/26/2026,Toronto Blue Jays,Rogers Centre,Toronto,$21
Tampa Bay Rays at Toronto Blue Jays,7/22/2026,Toronto Blue Jays,Rogers Centre,Toronto,$21
Houston Astros at Toronto Blue Jays,6/22/2026,Toronto Blue Jays,Rogers Centre,Toronto,$21
Toronto Blue Jays at Texas Rangers,9/18/2026,Texas Rangers,Globe Life Field,Arlington,$21
Cincinnati Reds at Washington Nationals (Kids Lunch Box Giveaway),8/9/2026,Washington Nationals,Nationals Park,Washington DC,$21
Los Angeles Angels at Texas Rangers,8/21/2026,Texas Rangers,Globe Life Field,Arlington,$21
Baltimore Orioles at Texas Rangers,8/8/2026,Texas Rangers,Globe Life Field,Arlington,$21
Kansas City Royals at Houston Astros,9/17/2026,Houston Astros,Daikin Park,Houston,$21
Washington Nationals at Colorado Rockies,7/20/2026,Colorado Rockies,Coors Field,Denver,$21
Los Angeles Angels at Miami Marlins,8/9/2026,Miami Marlins,loanDepot Park,Miami,$21
Toronto Blue Jays at Kansas City Royals (City Connect Reverse Retro Jersey Giveaway),9/4/2026,Kansas City Royals,Kauffman Stadium,Kansas City,$21
Detroit Tigers at Chicago White Sox (Irish Quarter Zip Giveaway),9/19/2026,Chicago White Sox,Rate Field,Chicago,$21
Milwaukee Brewers at Baltimore Orioles (Kids Poster Giveaway),9/20/2026,Baltimore Orioles,Oriole Park at Camden Yards,Baltimore,$21
Los Angeles Angels at Seattle Mariners (Cal Raleigh POP Collectible Giveaway),6/29/2026,Seattle Mariners,T-Mobile Park,Seattle,$21
Pittsburgh Pirates at St. Louis Cardinals (Bobblehead Giveaway),8/28/2026,St. Louis Cardinals,Busch Stadium,St. Louis,$21
Philadelphia Phillies at St. Louis Cardinals,8/10/2026,St. Louis Cardinals,Busch Stadium,St. Louis,$21
Miami Marlins at St. Louis Cardinals (Adult Soccer Jersey and Kids Soccer Ball Giveaway),6/28/2026,St. Louis Cardinals,Busch Stadium,St. Louis,$21
Baltimore Orioles at New York Yankees,9/27/2026,New York Yankees,Yankee Stadium,Bronx,$20
Houston Astros at New York Yankees,8/25/2026,New York Yankees,Yankee Stadium,Bronx,$20
Pittsburgh Pirates at New York Yankees,7/22/2026,New York Yankees,Yankee Stadium,Bronx,$20
Miami Marlins at New York Mets,7/31/2026,New York Mets,Citi Field,Flushing,$20
San Francisco Giants at St. Louis Cardinals,9/15/2026,St. Louis Cardinals,Busch Stadium,St. Louis,$20
Chicago White Sox at Baltimore Orioles,6/29/2026,Baltimore Orioles,Oriole Park at Camden Yards,Baltimore,$20
San Francisco Giants at Texas Rangers,8/3/2026,Texas Rangers,Globe Life Field,Arlington,$20
Cleveland Guardians at Texas Rangers,6/5/2026,Texas Rangers,Globe Life Field,Arlington,$20
Athletics at Tampa Bay Rays,9/15/2026,Tampa Bay Rays,Tropicana Field,Saint Petersburg,$20
Athletics at Tampa Bay Rays,9/17/2026,Tampa Bay Rays,Tropicana Field,Saint Petersburg,$20
Detroit Tigers at Minnesota Twins,8/31/2026,Minnesota Twins,Target Field,Minneapolis,$20
Colorado Rockies at San Diego Padres,7/29/2026,San Diego Padres,PETCO Park,San Diego,$20
Chicago White Sox at Houston Astros,9/3/2026,Houston Astros,Daikin Park,Houston,$20
Chicago White Sox at Houston Astros,9/2/2026,Houston Astros,Daikin Park,Houston,$20
Chicago White Sox at Houston Astros,8/31/2026,Houston Astros,Daikin Park,Houston,$20
Kansas City Royals at Minnesota Twins,7/28/2026,Minnesota Twins,Target Field,Minneapolis,$20
Pittsburgh Pirates at Detroit Tigers,9/25/2026,Detroit Tigers,Comerica Park,Detroit,$20
Los Angeles Angels at Houston Astros,8/19/2026,Houston Astros,Daikin Park,Houston,$20
Cleveland Guardians at Cincinnati Reds,7/29/2026,Cincinnati Reds,Great American Ball Park,Cincinnati,$20
Miami Marlins at Houston Astros,7/21/2026,Houston Astros,Daikin Park,Houston,$20
New York Mets at Miami Marlins,9/7/2026,Miami Marlins,loanDepot Park,Miami,$20
Kansas City Royals at Minnesota Twins,6/5/2026,Minnesota Twins,Target Field,Minneapolis,$20
Minnesota Twins at Houston Astros,6/30/2026,Houston Astros,Daikin Park,Houston,$20
New York Mets at Cincinnati Reds,6/16/2026,Cincinnati Reds,Great American Ball Park,Cincinnati,$20
New York Mets at Cincinnati Reds,6/15/2026,Cincinnati Reds,Great American Ball Park,Cincinnati,$20
Philadelphia Phillies at Miami Marlins,7/27/2026,Miami Marlins,loanDepot Park,Miami,$20
Milwaukee Brewers at Houston Astros,5/31/2026,Houston Astros,Daikin Park,Houston,$20
Cleveland Guardians at Miami Marlins,7/10/2026,Miami Marlins,loanDepot Park,Miami,$20
Cleveland Guardians at Baltimore Orioles,9/7/2026,Baltimore Orioles,Oriole Park at Camden Yards,Baltimore,$20
St. Louis Cardinals at San Francisco Giants,9/9/2026,San Francisco Giants,Oracle Park,San Francisco,$20
Los Angeles Angels at Baltimore Orioles,8/5/2026,Baltimore Orioles,Oriole Park at Camden Yards,Baltimore,$20
Philadelphia Phillies at Milwaukee Brewers,6/12/2026,Milwaukee Brewers,American Family Field,Milwaukee,$20
Cincinnati Reds at Pittsburgh Pirates,6/27/2026,Pittsburgh Pirates,PNC Park,Pittsburgh,$20
Los Angeles Dodgers at Pittsburgh Pirates,6/9/2026,Pittsburgh Pirates,PNC Park,Pittsburgh,$20
Toronto Blue Jays at Kansas City Royals (Big Bling Birthday Bash Chain Giveaway),9/6/2026,Kansas City Royals,Kauffman Stadium,Kansas City,$20
Toronto Blue Jays at Baltimore Orioles,9/22/2026,Baltimore Orioles,Oriole Park at Camden Yards,Baltimore,$20
Seattle Mariners at Milwaukee Brewers,8/18/2026,Milwaukee Brewers,American Family Field,Milwaukee,$20
Cleveland Guardians at Baltimore Orioles,9/9/2026,Baltimore Orioles,Oriole Park at Camden Yards,Baltimore,$20
Cincinnati Reds at Chicago White Sox,8/13/2026,Chicago White Sox,Rate Field,Chicago,$20
Minnesota Twins at Kansas City Royals,8/5/2026,Kansas City Royals,Kauffman Stadium,Kansas City,$20
Minnesota Twins at Milwaukee Brewers,8/7/2026,Milwaukee Brewers,American Family Field,Milwaukee,$20
Cleveland Guardians at Chicago White Sox (Ja Rule Postgame Concert),8/7/2026,Chicago White Sox,Rate Field,Chicago,$20
New York Yankees at Chicago White Sox,7/29/2026,Chicago White Sox,Rate Field,Chicago,$20
New York Yankees at Chicago White Sox,7/27/2026,Chicago White Sox,Rate Field,Chicago,$20
New York Yankees at Chicago White Sox,7/28/2026,Chicago White Sox,Rate Field,Chicago,$20
Washington Nationals at San Francisco Giants,6/9/2026,San Francisco Giants,Oracle Park,San Francisco,$20
Athletics at Chicago White Sox,7/12/2026,Chicago White Sox,Rate Field,Chicago,$20
Houston Astros at Kansas City Royals,6/14/2026,Kansas City Royals,Kauffman Stadium,Kansas City,$20
Kansas City Royals at Chicago White Sox,6/28/2026,Chicago White Sox,Rate Field,Chicago,$20
Cleveland Guardians at Chicago White Sox,6/22/2026,Chicago White Sox,Rate Field,Chicago,$20
Detroit Tigers at Chicago White Sox,5/29/2026,Chicago White Sox,Rate Field,Chicago,$20
San Francisco Giants at Atlanta Braves,6/17/2026,Atlanta Braves,Truist Park,Atlanta,$20
Toronto Blue Jays at Atlanta Braves,6/4/2026,Atlanta Braves,Truist Park,Atlanta,$20
Kansas City Royals at Toronto Blue Jays,8/27/2026,Toronto Blue Jays,Rogers Centre,Toronto,$20
Baltimore Orioles at St. Louis Cardinals,8/26/2026,St. Louis Cardinals,Busch Stadium,St. Louis,$20
San Diego Padres at Colorado Rockies,9/16/2026,Colorado Rockies,Coors Field,Denver,$19
San Diego Padres at Colorado Rockies,9/14/2026,Colorado Rockies,Coors Field,Denver,$19
Baltimore Orioles at Colorado Rockies,9/1/2026,Colorado Rockies,Coors Field,Denver,$19
Tampa Bay Rays at Colorado Rockies,8/5/2026,Colorado Rockies,Coors Field,Denver,$19
Washington Nationals at Colorado Rockies,7/22/2026,Colorado Rockies,Coors Field,Denver,$19
Washington Nationals at Colorado Rockies,7/21/2026,Colorado Rockies,Coors Field,Denver,$19
Atlanta Braves at Miami Marlins,9/27/2026,Miami Marlins,loanDepot Park,Miami,$19
Miami Marlins at Colorado Rockies,6/29/2026,Colorado Rockies,Coors Field,Denver,$19
Washington Nationals at Miami Marlins,8/23/2026,Miami Marlins,loanDepot Park,Miami,$19
San Francisco Giants at Miami Marlins,6/19/2026,Miami Marlins,loanDepot Park,Miami,$19
Tampa Bay Rays at Miami Marlins,6/6/2026,Miami Marlins,loanDepot Park,Miami,$19
Cincinnati Reds at Milwaukee Brewers,9/11/2026,Milwaukee Brewers,American Family Field,Milwaukee,$19
Colorado Rockies at Chicago White Sox (City Connect Crewneck Giveaway),9/26/2026,Chicago White Sox,Rate Field,Chicago,$19
Los Angeles Angels at Seattle Mariners (Cal Raleigh POP Collectible Giveaway),6/30/2026,Seattle Mariners,T-Mobile Park,Seattle,$19
San Francisco Giants at St. Louis Cardinals,9/16/2026,St. Louis Cardinals,Busch Stadium,St. Louis,$19
Houston Astros at Chicago White Sox,7/24/2026,Chicago White Sox,Rate Field,Chicago,$19
Atlanta Braves at St. Louis Cardinals (Kids Jersey Giveaway),7/12/2026,St. Louis Cardinals,Busch Stadium,St. Louis,$19
Milwaukee Brewers at St. Louis Cardinals,7/9/2026,St. Louis Cardinals,Busch Stadium,St. Louis,$19
Houston Astros at New York Yankees,8/26/2026,New York Yankees,Yankee Stadium,Bronx,$19
Philadelphia Phillies at New York Mets,9/17/2026,New York Mets,Citi Field,Flushing,$19
Chicago Cubs at New York Mets,6/24/2026,New York Mets,Citi Field,Flushing,$19
New York Mets at Texas Rangers,9/23/2026,Texas Rangers,Globe Life Field,Arlington,$19
Houston Astros at Washington Nationals,7/7/2026,Washington Nationals,Nationals Park,Washington DC,$19
Colorado Rockies at Washington Nationals,8/27/2026,Washington Nationals,Nationals Park,Washington DC,$19
Seattle Mariners at Washington Nationals,6/12/2026,Washington Nationals,Nationals Park,Washington DC,$19
Los Angeles Angels at Washington Nationals,9/11/2026,Washington Nationals,Nationals Park,Washington DC,$19
Los Angeles Angels at Texas Rangers,7/9/2026,Texas Rangers,Globe Life Field,Arlington,$19
Houston Astros at Texas Rangers,5/26/2026,Texas Rangers,Globe Life Field,Arlington,$19
Chicago White Sox at Minnesota Twins,8/30/2026,Minnesota Twins,Target Field,Minneapolis,$19
Atlanta Braves at Minnesota Twins,8/18/2026,Minnesota Twins,Target Field,Minneapolis,$19
Pittsburgh Pirates at Detroit Tigers,9/27/2026,Detroit Tigers,Comerica Park,Detroit,$19
Cincinnati Reds at San Diego Padres,6/10/2026,San Diego Padres,PETCO Park,San Diego,$19
Boston Red Sox at Miami Marlins,8/25/2026,Miami Marlins,loanDepot Park,Miami,$19
Milwaukee Brewers at Cincinnati Reds,6/23/2026,Cincinnati Reds,Great American Ball Park,Cincinnati,$19
Chicago White Sox at Minnesota Twins,6/1/2026,Minnesota Twins,Target Field,Minneapolis,$19
Minnesota Twins at Houston Astros,6/29/2026,Houston Astros,Daikin Park,Houston,$19
Chicago White Sox at Detroit Tigers,8/16/2026,Detroit Tigers,Comerica Park,Detroit,$19
Athletics at Houston Astros,6/7/2026,Houston Astros,Daikin Park,Houston,$19
Cleveland Guardians at Detroit Tigers,8/13/2026,Detroit Tigers,Comerica Park,Detroit,$19
Athletics at Houston Astros,6/5/2026,Houston Astros,Daikin Park,Houston,$19
San Diego Padres at Miami Marlins,7/26/2026,Miami Marlins,loanDepot Park,Miami,$19
Seattle Mariners at Miami Marlins,7/9/2026,Miami Marlins,loanDepot Park,Miami,$19
Cincinnati Reds at Milwaukee Brewers,6/29/2026,Milwaukee Brewers,American Family Field,Milwaukee,$19
Minnesota Twins at San Francisco Giants,9/22/2026,San Francisco Giants,Oracle Park,San Francisco,$19
Texas Rangers at Miami Marlins,6/23/2026,Miami Marlins,loanDepot Park,Miami,$19
Athletics at Detroit Tigers,7/8/2026,Detroit Tigers,Comerica Park,Detroit,$19
Cincinnati Reds at Milwaukee Brewers,9/13/2026,Milwaukee Brewers,American Family Field,Milwaukee,$19
Arizona Diamondbacks at San Francisco Giants,8/27/2026,San Francisco Giants,Oracle Park,San Francisco,$19
St. Louis Cardinals at Milwaukee Brewers,9/27/2026,Milwaukee Brewers,American Family Field,Milwaukee,$19
Arizona Diamondbacks at Kansas City Royals (Iced Out Hockey Jersey Giveaway),9/7/2026,Kansas City Royals,Kauffman Stadium,Kansas City,$19
Toronto Blue Jays at Baltimore Orioles (Star Wars Kids Poster Giveaway),5/31/2026,Baltimore Orioles,Oriole Park at Camden Yards,Baltimore,$19
Minnesota Twins at Kansas City Royals,8/6/2026,Kansas City Royals,Kauffman Stadium,Kansas City,$19
Minnesota Twins at Kansas City Royals,8/4/2026,Kansas City Royals,Kauffman Stadium,Kansas City,$19
San Francisco Giants at Kansas City Royals,7/20/2026,Kansas City Royals,Kauffman Stadium,Kansas City,$19
Tampa Bay Rays at Kansas City Royals (Here Comes the Bloom Hawaiian Shirt Giveaway),7/1/2026,Kansas City Royals,Kauffman Stadium,Kansas City,$19
Miami Marlins at Atlanta Braves,8/5/2026,Atlanta Braves,Truist Park,Atlanta,$19
Boston Red Sox at Chicago White Sox,7/9/2026,Chicago White Sox,Rate Field,Chicago,$19
Texas Rangers at Kansas City Royals,6/10/2026,Kansas City Royals,Kauffman Stadium,Kansas City,$19
Pittsburgh Pirates at Milwaukee Brewers,8/3/2026,Milwaukee Brewers,American Family Field,Milwaukee,$19
New York Mets at Milwaukee Brewers,7/21/2026,Milwaukee Brewers,American Family Field,Milwaukee,$19
Atlanta Braves at Chicago White Sox,6/11/2026,Chicago White Sox,Rate Field,Chicago,$19
Atlanta Braves at Chicago White Sox,6/10/2026,Chicago White Sox,Rate Field,Chicago,$19
Atlanta Braves at Chicago White Sox,6/9/2026,Chicago White Sox,Rate Field,Chicago,$19
New York Mets at Milwaukee Brewers,7/20/2026,Milwaukee Brewers,American Family Field,Milwaukee,$19
Minnesota Twins at Chicago White Sox,5/26/2026,Chicago White Sox,Rate Field,Chicago,$19
Los Angeles Angels at Texas Rangers,8/23/2026,Texas Rangers,Globe Life Field,Arlington,$18
Milwaukee Brewers at Pittsburgh Pirates (Pirates Cowboy Hat Giveaway),7/11/2026,Pittsburgh Pirates,PNC Park,Pittsburgh,$18
Arizona Diamondbacks at Colorado Rockies,9/22/2026,Colorado Rockies,Coors Field,Denver,$18
San Diego Padres at Colorado Rockies,9/17/2026,Colorado Rockies,Coors Field,Denver,$18
San Diego Padres at Colorado Rockies,9/15/2026,Colorado Rockies,Coors Field,Denver,$18
Tampa Bay Rays at Colorado Rockies,8/4/2026,Colorado Rockies,Coors Field,Denver,$18
Tampa Bay Rays at Colorado Rockies,8/3/2026,Colorado Rockies,Coors Field,Denver,$18
Philadelphia Phillies at Los Angeles Angels (Bobblehead Giveaway),8/28/2026,Los Angeles Angels,Angel Stadium,Anaheim,$18
Minnesota Twins at Chicago White Sox (Finance Bro Vest Giveaway),9/5/2026,Chicago White Sox,Rate Field,Chicago,$18
Los Angeles Angels at Seattle Mariners (Cal Raleigh POP Collectible Giveaway),7/2/2026,Seattle Mariners,T-Mobile Park,Seattle,$18
Washington Nationals at St. Louis Cardinals (Cardinals Vest Giveaway),9/20/2026,St. Louis Cardinals,Busch Stadium,St. Louis,$18
Baltimore Orioles at Seattle Mariners,6/16/2026,Seattle Mariners,T-Mobile Park,Seattle,$18
Pittsburgh Pirates at St. Louis Cardinals (Kids Growth Chart Giveaway),8/30/2026,St. Louis Cardinals,Busch Stadium,St. Louis,$18
Philadelphia Phillies at St. Louis Cardinals,8/11/2026,St. Louis Cardinals,Busch Stadium,St. Louis,$18
Cincinnati Reds at St. Louis Cardinals (Cardinals Bucket Hat Giveaway),6/5/2026,St. Louis Cardinals,Busch Stadium,St. Louis,$18
Arizona Diamondbacks at St. Louis Cardinals,6/22/2026,St. Louis Cardinals,Busch Stadium,St. Louis,$18
Seattle Mariners at Texas Rangers,7/25/2026,Texas Rangers,Globe Life Field,Arlington,$18
Milwaukee Brewers at Pittsburgh Pirates (Kids Bandana Giveaway),7/12/2026,Pittsburgh Pirates,PNC Park,Pittsburgh,$18
Los Angeles Dodgers at Pittsburgh Pirates,6/11/2026,Pittsburgh Pirates,PNC Park,Pittsburgh,$18
St. Louis Cardinals at New York Yankees,8/5/2026,New York Yankees,Yankee Stadium,Bronx,$18
St. Louis Cardinals at Arizona Diamondbacks,7/18/2026,Arizona Diamondbacks,Chase Field,Phoenix,$18
Milwaukee Brewers at New York Mets,8/27/2026,New York Mets,Citi Field,Flushing,$18
Minnesota Twins at Arizona Diamondbacks,6/20/2026,Arizona Diamondbacks,Chase Field,Phoenix,$18
Minnesota Twins at Arizona Diamondbacks,6/19/2026,Arizona Diamondbacks,Chase Field,Phoenix,$18
Chicago Cubs at New York Mets,6/23/2026,New York Mets,Citi Field,Flushing,$18
San Francisco Giants at St. Louis Cardinals,9/14/2026,St. Louis Cardinals,Busch Stadium,St. Louis,$18
Houston Astros at Washington Nationals,7/8/2026,Washington Nationals,Nationals Park,Washington DC,$17
Houston Astros at Washington Nationals,7/6/2026,Washington Nationals,Nationals Park,Washington DC,$17
Colorado Rockies at Washington Nationals,8/24/2026,Washington Nationals,Nationals Park,Washington DC,$17
Colorado Rockies at Washington Nationals,8/25/2026,Washington Nationals,Nationals Park,Washington DC,$17
Colorado Rockies at Washington Nationals,8/26/2026,Washington Nationals,Nationals Park,Washington DC,$17
Philadelphia Phillies at Washington Nationals,6/24/2026,Washington Nationals,Nationals Park,Washington DC,$17
Miami Marlins at Washington Nationals,8/30/2026,Washington Nationals,Nationals Park,Washington DC,$17
Miami Marlins at Washington Nationals,8/31/2026,Washington Nationals,Nationals Park,Washington DC,$17
Kansas City Royals at Washington Nationals,6/17/2026,Washington Nationals,Nationals Park,Washington DC,$17
Baltimore Orioles at Texas Rangers,8/9/2026,Texas Rangers,Globe Life Field,Arlington,$17
Philadelphia Phillies at Washington Nationals,9/16/2026,Washington Nationals,Nationals Park,Washington DC,$17
Seattle Mariners at Washington Nationals,6/14/2026,Washington Nationals,Nationals Park,Washington DC,$17
Philadelphia Phillies at Washington Nationals,9/15/2026,Washington Nationals,Nationals Park,Washington DC,$17
Seattle Mariners at Texas Rangers,7/24/2026,Texas Rangers,Globe Life Field,Arlington,$17
Minnesota Twins at Texas Rangers,6/16/2026,Texas Rangers,Globe Life Field,Arlington,$17
Milwaukee Brewers at San Diego Padres,8/12/2026,San Diego Padres,PETCO Park,San Diego,$17
Miami Marlins at Cincinnati Reds,8/16/2026,Cincinnati Reds,Great American Ball Park,Cincinnati,$17
Pittsburgh Pirates at Cincinnati Reds,8/2/2026,Cincinnati Reds,Great American Ball Park,Cincinnati,$17
St. Louis Cardinals at Minnesota Twins,6/14/2026,Minnesota Twins,Target Field,Minneapolis,$17
Tampa Bay Rays at Detroit Tigers,8/26/2026,Detroit Tigers,Comerica Park,Detroit,$17
Milwaukee Brewers at Cincinnati Reds,6/24/2026,Cincinnati Reds,Great American Ball Park,Cincinnati,$17
Chicago White Sox at Minnesota Twins,6/2/2026,Minnesota Twins,Target Field,Minneapolis,$17
Milwaukee Brewers at Cincinnati Reds,6/22/2026,Cincinnati Reds,Great American Ball Park,Cincinnati,$17
Pittsburgh Pirates at Miami Marlins,8/12/2026,Miami Marlins,loanDepot Park,Miami,$17
Detroit Tigers at Houston Astros,6/17/2026,Houston Astros,Daikin Park,Houston,$17
Detroit Tigers at Houston Astros,6/16/2026,Houston Astros,Daikin Park,Houston,$17
Detroit Tigers at Houston Astros,6/15/2026,Houston Astros,Daikin Park,Houston,$17
Philadelphia Phillies at Miami Marlins,7/29/2026,Miami Marlins,loanDepot Park,Miami,$17
Tampa Bay Rays at Miami Marlins,6/7/2026,Miami Marlins,loanDepot Park,Miami,$17
Athletics at Detroit Tigers,7/7/2026,Detroit Tigers,Comerica Park,Detroit,$17
Chicago Cubs at Pittsburgh Pirates (Yinzerpalooza T-Shirt Giveaway),7/24/2026,Pittsburgh Pirates,PNC Park,Pittsburgh,$17
Minnesota Twins at Detroit Tigers,6/11/2026,Detroit Tigers,Comerica Park,Detroit,$17
Seattle Mariners at Baltimore Orioles,6/10/2026,Baltimore Orioles,Oriole Park at Camden Yards,Baltimore,$17
Texas Rangers at Chicago White Sox,8/26/2026,Chicago White Sox,Rate Field,Chicago,$17
New York Mets at Chicago White Sox,8/23/2026,Chicago White Sox,Rate Field,Chicago,$17
Toronto Blue Jays at Baltimore Orioles,5/29/2026,Baltimore Orioles,Oriole Park at Camden Yards,Baltimore,$17
Milwaukee Brewers at Arizona Diamondbacks,7/5/2026,Arizona Diamondbacks,Chase Field,Phoenix,$17
Cincinnati Reds at Chicago White Sox,8/12/2026,Chicago White Sox,Rate Field,Chicago,$17
Cleveland Guardians at Chicago White Sox,8/9/2026,Chicago White Sox,Rate Field,Chicago,$17
Pittsburgh Pirates at Milwaukee Brewers,8/6/2026,Milwaukee Brewers,American Family Field,Milwaukee,$17
Pittsburgh Pirates at Milwaukee Brewers,8/5/2026,Milwaukee Brewers,American Family Field,Milwaukee,$17
Tampa Bay Rays at Kansas City Royals (Sluggerrrs Gym Tank Top Giveaway),6/30/2026,Kansas City Royals,Kauffman Stadium,Kansas City,$17
Miami Marlins at Atlanta Braves,8/4/2026,Atlanta Braves,Truist Park,Atlanta,$17
Texas Rangers at Kansas City Royals,6/9/2026,Kansas City Royals,Kauffman Stadium,Kansas City,$17
Kansas City Royals at Chicago White Sox (Marshmello Postgame Concert),6/26/2026,Chicago White Sox,Rate Field,Chicago,$17
Cincinnati Reds at Milwaukee Brewers,7/1/2026,Milwaukee Brewers,American Family Field,Milwaukee,$17
Washington Nationals at Texas Rangers,8/20/2026,Texas Rangers,Globe Life Field,Arlington,$17
Tampa Bay Rays at Texas Rangers,9/4/2026,Texas Rangers,Globe Life Field,Arlington,$17
Baltimore Orioles at Colorado Rockies,9/2/2026,Colorado Rockies,Coors Field,Denver,$17
Athletics at Cincinnati Reds,8/6/2026,Cincinnati Reds,Great American Ball Park,Cincinnati,$17
Miami Marlins at Colorado Rockies,7/2/2026,Colorado Rockies,Coors Field,Denver,$17
Miami Marlins at Colorado Rockies,6/30/2026,Colorado Rockies,Coors Field,Denver,$17
Washington Nationals at Miami Marlins,8/21/2026,Miami Marlins,loanDepot Park,Miami,$17
Tampa Bay Rays at Miami Marlins,6/5/2026,Miami Marlins,loanDepot Park,Miami,$17
Minnesota Twins at Los Angeles Angels,9/20/2026,Los Angeles Angels,Angel Stadium,Anaheim,$17
Colorado Rockies at Chicago White Sox (Los White Sox Poncho Giveaway),9/25/2026,Chicago White Sox,Rate Field,Chicago,$17
Philadelphia Phillies at Los Angeles Angels,8/29/2026,Los Angeles Angels,Angel Stadium,Anaheim,$17
Baltimore Orioles at Seattle Mariners,6/17/2026,Seattle Mariners,T-Mobile Park,Seattle,$17
Chicago White Sox at St. Louis Cardinals,9/13/2026,St. Louis Cardinals,Busch Stadium,St. Louis,$17
Philadelphia Phillies at St. Louis Cardinals,8/12/2026,St. Louis Cardinals,Busch Stadium,St. Louis,$17
Colorado Rockies at St. Louis Cardinals (Kids Build-A-Bear Fredbird Plush Giveaway),8/9/2026,St. Louis Cardinals,Busch Stadium,St. Louis,$17
Milwaukee Brewers at St. Louis Cardinals (Rescheduled from 5/5),7/7/2026,St. Louis Cardinals,Busch Stadium,St. Louis,$17
San Diego Padres at St. Louis Cardinals,6/15/2026,St. Louis Cardinals,Busch Stadium,St. Louis,$17
Baltimore Orioles at Minnesota Twins,8/12/2026,Minnesota Twins,Target Field,Minneapolis,$17
Seattle Mariners at New York Yankees,8/13/2026,New York Yankees,Yankee Stadium,Bronx,$17
St. Louis Cardinals at New York Yankees,8/4/2026,New York Yankees,Yankee Stadium,Bronx,$17
St. Louis Cardinals at New York Yankees,8/3/2026,New York Yankees,Yankee Stadium,Bronx,$17
Detroit Tigers at New York Yankees,6/29/2026,New York Yankees,Yankee Stadium,Bronx,$17
Kansas City Royals at New York Mets,7/9/2026,New York Mets,Citi Field,Flushing,$17
Washington Nationals at St. Louis Cardinals (Cardinals Hockey Jersey Giveaway),9/18/2026,St. Louis Cardinals,Busch Stadium,St. Louis,$16
Los Angeles Angels at Washington Nationals,9/13/2026,Washington Nationals,Nationals Park,Washington DC,$16
Seattle Mariners at Texas Rangers,7/26/2026,Texas Rangers,Globe Life Field,Arlington,$16
San Diego Padres at Washington Nationals (Kids Racing Presidents Hat Giveaway),5/31/2026,Washington Nationals,Nationals Park,Washington DC,$16
Detroit Tigers at Minnesota Twins,9/1/2026,Minnesota Twins,Target Field,Minneapolis,$16
St. Louis Cardinals at Cincinnati Reds,8/20/2026,Cincinnati Reds,Great American Ball Park,Cincinnati,$16
St. Louis Cardinals at Cincinnati Reds,8/18/2026,Cincinnati Reds,Great American Ball Park,Cincinnati,$16
St. Louis Cardinals at Cincinnati Reds,8/17/2026,Cincinnati Reds,Great American Ball Park,Cincinnati,$16
Pittsburgh Pirates at Detroit Tigers,9/26/2026,Detroit Tigers,Comerica Park,Detroit,$16
Kansas City Royals at Minnesota Twins,7/29/2026,Minnesota Twins,Target Field,Minneapolis,$16
Pittsburgh Pirates at Cincinnati Reds,7/30/2026,Cincinnati Reds,Great American Ball Park,Cincinnati,$16
Colorado Rockies at Detroit Tigers,9/13/2026,Detroit Tigers,Comerica Park,Detroit,$16
Minnesota Twins at Detroit Tigers,9/7/2026,Detroit Tigers,Comerica Park,Detroit,$16
New York Mets at Miami Marlins,9/9/2026,Miami Marlins,loanDepot Park,Miami,$16
New York Mets at Miami Marlins,9/8/2026,Miami Marlins,loanDepot Park,Miami,$16
Pittsburgh Pirates at Miami Marlins,8/11/2026,Miami Marlins,loanDepot Park,Miami,$16
Arizona Diamondbacks at Cincinnati Reds,6/14/2026,Cincinnati Reds,Great American Ball Park,Cincinnati,$16
Los Angeles Angels at Miami Marlins,8/7/2026,Miami Marlins,loanDepot Park,Miami,$16
Cleveland Guardians at Detroit Tigers,8/12/2026,Detroit Tigers,Comerica Park,Detroit,$16
Pittsburgh Pirates at Houston Astros,6/4/2026,Houston Astros,Daikin Park,Houston,$16
Cleveland Guardians at Detroit Tigers,8/11/2026,Detroit Tigers,Comerica Park,Detroit,$16
Baltimore Orioles at Detroit Tigers,7/28/2026,Detroit Tigers,Comerica Park,Detroit,$16
Kansas City Royals at Detroit Tigers,7/23/2026,Detroit Tigers,Comerica Park,Detroit,$16
Texas Rangers at Miami Marlins,6/22/2026,Miami Marlins,loanDepot Park,Miami,$16
Athletics at Detroit Tigers,7/9/2026,Detroit Tigers,Comerica Park,Detroit,$16
Houston Astros at Detroit Tigers,6/25/2026,Detroit Tigers,Comerica Park,Detroit,$16
Cleveland Guardians at Milwaukee Brewers,6/16/2026,Milwaukee Brewers,American Family Field,Milwaukee,$16
Seattle Mariners at Baltimore Orioles,6/11/2026,Baltimore Orioles,Oriole Park at Camden Yards,Baltimore,$16
Seattle Mariners at Baltimore Orioles,6/9/2026,Baltimore Orioles,Oriole Park at Camden Yards,Baltimore,$16
Seattle Mariners at Baltimore Orioles,6/8/2026,Baltimore Orioles,Oriole Park at Camden Yards,Baltimore,$16
Minnesota Twins at Chicago White Sox,9/6/2026,Chicago White Sox,Rate Field,Chicago,$16
Toronto Blue Jays at Baltimore Orioles (Jordan Westburg Star Wars Bobblehead Giveaway),5/30/2026,Baltimore Orioles,Oriole Park at Camden Yards,Baltimore,$16
Pittsburgh Pirates at Milwaukee Brewers,8/4/2026,Milwaukee Brewers,American Family Field,Milwaukee,$16
Boston Red Sox at Los Angeles Angels,7/5/2026,Los Angeles Angels,Angel Stadium,Anaheim,$16
Boston Red Sox at Los Angeles Angels (Patriotic Hat Giveaway),7/3/2026,Los Angeles Angels,Angel Stadium,Anaheim,$16
Boston Red Sox at Chicago White Sox,7/8/2026,Chicago White Sox,Rate Field,Chicago,$16
Texas Rangers at Kansas City Royals,6/11/2026,Kansas City Royals,Kauffman Stadium,Kansas City,$16
Cleveland Guardians at Chicago White Sox,6/24/2026,Chicago White Sox,Rate Field,Chicago,$16
Minnesota Twins at Chicago White Sox,5/27/2026,Chicago White Sox,Rate Field,Chicago,$16
Chicago White Sox at Texas Rangers,7/22/2026,Texas Rangers,Globe Life Field,Arlington,$16
Arizona Diamondbacks at Colorado Rockies,9/23/2026,Colorado Rockies,Coors Field,Denver,$16
Miami Marlins at Colorado Rockies,7/1/2026,Colorado Rockies,Coors Field,Denver,$16
Texas Rangers at Miami Marlins,6/24/2026,Miami Marlins,loanDepot Park,Miami,$16
Minnesota Twins at Los Angeles Angels (Team Photo Giveaway),9/19/2026,Los Angeles Angels,Angel Stadium,Anaheim,$16
Detroit Tigers at Chicago White Sox (Cole Swindell Postgame Concert),9/18/2026,Chicago White Sox,Rate Field,Chicago,$16
Baltimore Orioles at St. Louis Cardinals,8/27/2026,St. Louis Cardinals,Busch Stadium,St. Louis,$16
Milwaukee Brewers at St. Louis Cardinals,7/8/2026,St. Louis Cardinals,Busch Stadium,St. Louis,$16
Milwaukee Brewers at St. Louis Cardinals,7/7/2026,St. Louis Cardinals,Busch Stadium,St. Louis,$16
Cincinnati Reds at St. Louis Cardinals (Kids Rawlings Baseball Glove Giveaway),6/7/2026,St. Louis Cardinals,Busch Stadium,St. Louis,$16
Seattle Mariners at New York Yankees,8/12/2026,New York Yankees,Yankee Stadium,Bronx,$15
Detroit Tigers at New York Yankees,7/1/2026,New York Yankees,Yankee Stadium,Bronx,$15
Chicago White Sox at New York Yankees,6/16/2026,New York Yankees,Yankee Stadium,Bronx,$15
Kansas City Royals at New York Mets,7/7/2026,New York Mets,Citi Field,Flushing,$15
Washington Nationals at Texas Rangers,8/18/2026,Texas Rangers,Globe Life Field,Arlington,$15
Miami Marlins at Washington Nationals,6/3/2026,Washington Nationals,Nationals Park,Washington DC,$15
Miami Marlins at Washington Nationals,6/2/2026,Washington Nationals,Nationals Park,Washington DC,$15
Miami Marlins at Washington Nationals,6/1/2026,Washington Nationals,Nationals Park,Washington DC,$15
San Diego Padres at Cincinnati Reds,9/2/2026,Cincinnati Reds,Great American Ball Park,Cincinnati,$15
San Diego Padres at Cincinnati Reds,8/31/2026,Cincinnati Reds,Great American Ball Park,Cincinnati,$15
St. Louis Cardinals at Cincinnati Reds,8/19/2026,Cincinnati Reds,Great American Ball Park,Cincinnati,$15
Athletics at Cincinnati Reds,8/4/2026,Cincinnati Reds,Great American Ball Park,Cincinnati,$15
Washington Nationals at Detroit Tigers,9/23/2026,Detroit Tigers,Comerica Park,Detroit,$15
Tampa Bay Rays at Detroit Tigers,8/25/2026,Detroit Tigers,Comerica Park,Detroit,$15
Tampa Bay Rays at Detroit Tigers,8/24/2026,Detroit Tigers,Comerica Park,Detroit,$15
Pittsburgh Pirates at Houston Astros,6/3/2026,Houston Astros,Daikin Park,Houston,$15
Kansas City Royals at Cincinnati Reds,6/2/2026,Cincinnati Reds,Great American Ball Park,Cincinnati,$15
Pittsburgh Pirates at Houston Astros,6/2/2026,Houston Astros,Daikin Park,Houston,$15
Cleveland Guardians at Miami Marlins,7/12/2026,Miami Marlins,loanDepot Park,Miami,$15
Seattle Mariners at Miami Marlins,7/8/2026,Miami Marlins,loanDepot Park,Miami,$15
Seattle Mariners at Miami Marlins,7/7/2026,Miami Marlins,loanDepot Park,Miami,$15
Minnesota Twins at Los Angeles Angels (Angels and Ducks Blanket Giveaway),9/18/2026,Los Angeles Angels,Angel Stadium,Anaheim,$15
Philadelphia Phillies at Los Angeles Angels (Angels Football Jersey Giveaway),8/30/2026,Los Angeles Angels,Angel Stadium,Anaheim,$15
Cleveland Guardians at Chicago White Sox,6/23/2026,Chicago White Sox,Rate Field,Chicago,$15
Texas Rangers at Arizona Diamondbacks,9/12/2026,Arizona Diamondbacks,Chase Field,Phoenix,$15
San Francisco Giants at Milwaukee Brewers,6/3/2026,Milwaukee Brewers,American Family Field,Milwaukee,$15
Cincinnati Reds at Arizona Diamondbacks,8/21/2026,Arizona Diamondbacks,Chase Field,Phoenix,$15
Detroit Tigers at Chicago White Sox,9/20/2026,Chicago White Sox,Rate Field,Chicago,$15
Detroit Tigers at Chicago White Sox,9/17/2026,Chicago White Sox,Rate Field,Chicago,$15
St. Louis Cardinals at Arizona Diamondbacks,7/17/2026,Arizona Diamondbacks,Chase Field,Phoenix,$15
Texas Rangers at St. Louis Cardinals,6/2/2026,St. Louis Cardinals,Busch Stadium,St. Louis,$15
Texas Rangers at St. Louis Cardinals,6/1/2026,St. Louis Cardinals,Busch Stadium,St. Louis,$15
Arizona Diamondbacks at St. Louis Cardinals,6/24/2026,St. Louis Cardinals,Busch Stadium,St. Louis,$15
Arizona Diamondbacks at St. Louis Cardinals,6/23/2026,St. Louis Cardinals,Busch Stadium,St. Louis,$15
San Diego Padres at St. Louis Cardinals,6/16/2026,St. Louis Cardinals,Busch Stadium,St. Louis,$15
Colorado Rockies at New York Yankees,9/10/2026,New York Yankees,Yankee Stadium,Bronx,$14
Seattle Mariners at New York Yankees,8/11/2026,New York Yankees,Yankee Stadium,Bronx,$14
Atlanta Braves at New York Mets,7/29/2026,New York Mets,Citi Field,Flushing,$14
New York Mets at Texas Rangers,9/22/2026,Texas Rangers,Globe Life Field,Arlington,$14
Kansas City Royals at Washington Nationals,6/15/2026,Washington Nationals,Nationals Park,Washington DC,$14
Chicago White Sox at Texas Rangers,7/20/2026,Texas Rangers,Globe Life Field,Arlington,$14
Kansas City Royals at Texas Rangers,5/30/2026,Texas Rangers,Globe Life Field,Arlington,$14
Milwaukee Brewers at Cincinnati Reds,9/6/2026,Cincinnati Reds,Great American Ball Park,Cincinnati,$14
Pittsburgh Pirates at San Diego Padres,8/26/2026,San Diego Padres,PETCO Park,San Diego,$14
San Diego Padres at Cincinnati Reds,9/1/2026,Cincinnati Reds,Great American Ball Park,Cincinnati,$14
Washington Nationals at Detroit Tigers,9/22/2026,Detroit Tigers,Comerica Park,Detroit,$14
Pittsburgh Pirates at Miami Marlins,8/13/2026,Miami Marlins,loanDepot Park,Miami,$14
Cincinnati Reds at Milwaukee Brewers,6/30/2026,Milwaukee Brewers,American Family Field,Milwaukee,$14
Arizona Diamondbacks at Pittsburgh Pirates,7/29/2026,Pittsburgh Pirates,PNC Park,Pittsburgh,$14
Arizona Diamondbacks at Pittsburgh Pirates,7/28/2026,Pittsburgh Pirates,PNC Park,Pittsburgh,$14
Arizona Diamondbacks at Pittsburgh Pirates,7/27/2026,Pittsburgh Pirates,PNC Park,Pittsburgh,$14
Chicago Cubs at Pittsburgh Pirates (Kids Daniel Tiger Plush Giveaway),7/26/2026,Pittsburgh Pirates,PNC Park,Pittsburgh,$14
Cleveland Guardians at Milwaukee Brewers,6/17/2026,Milwaukee Brewers,American Family Field,Milwaukee,$14
Atlanta Braves at Pittsburgh Pirates,7/9/2026,Pittsburgh Pirates,PNC Park,Pittsburgh,$14
Atlanta Braves at Pittsburgh Pirates,7/8/2026,Pittsburgh Pirates,PNC Park,Pittsburgh,$14
Atlanta Braves at Pittsburgh Pirates,7/7/2026,Pittsburgh Pirates,PNC Park,Pittsburgh,$14
Cincinnati Reds at Pittsburgh Pirates (Smiley Cookie Giveaway),6/28/2026,Pittsburgh Pirates,PNC Park,Pittsburgh,$14
Miami Marlins at Kansas City Royals,9/1/2026,Kansas City Royals,Kauffman Stadium,Kansas City,$14
Seattle Mariners at Pittsburgh Pirates,6/25/2026,Pittsburgh Pirates,PNC Park,Pittsburgh,$14
Texas Rangers at Arizona Diamondbacks,9/11/2026,Arizona Diamondbacks,Chase Field,Phoenix,$14
San Francisco Giants at Milwaukee Brewers,6/4/2026,Milwaukee Brewers,American Family Field,Milwaukee,$14
Seattle Mariners at Pittsburgh Pirates,6/24/2026,Pittsburgh Pirates,PNC Park,Pittsburgh,$14
Philadelphia Phillies at Arizona Diamondbacks,9/2/2026,Arizona Diamondbacks,Chase Field,Phoenix,$14
Philadelphia Phillies at Arizona Diamondbacks,9/1/2026,Arizona Diamondbacks,Chase Field,Phoenix,$14
Philadelphia Phillies at Arizona Diamondbacks,8/31/2026,Arizona Diamondbacks,Chase Field,Phoenix,$14
Miami Marlins at Pittsburgh Pirates (Kids Retro Lunch Box Giveaway),6/14/2026,Pittsburgh Pirates,PNC Park,Pittsburgh,$14
Colorado Rockies at Chicago White Sox,9/27/2026,Chicago White Sox,Rate Field,Chicago,$14
Minnesota Twins at Pittsburgh Pirates (Kids Trading Cards Giveaway),5/31/2026,Pittsburgh Pirates,PNC Park,Pittsburgh,$14
San Diego Padres at Arizona Diamondbacks,8/6/2026,Arizona Diamondbacks,Chase Field,Phoenix,$14
San Diego Padres at Arizona Diamondbacks,8/5/2026,Arizona Diamondbacks,Chase Field,Phoenix,$14
San Diego Padres at Arizona Diamondbacks,8/4/2026,Arizona Diamondbacks,Chase Field,Phoenix,$14
San Diego Padres at Arizona Diamondbacks,8/3/2026,Arizona Diamondbacks,Chase Field,Phoenix,$14
Pittsburgh Pirates at Chicago White Sox,9/10/2026,Chicago White Sox,Rate Field,Chicago,$14
Pittsburgh Pirates at Chicago White Sox,9/9/2026,Chicago White Sox,Rate Field,Chicago,$14
Pittsburgh Pirates at Chicago White Sox,9/8/2026,Chicago White Sox,Rate Field,Chicago,$14
Athletics at Kansas City Royals,8/18/2026,Kansas City Royals,Kauffman Stadium,Kansas City,$14
Texas Rangers at Chicago White Sox,8/25/2026,Chicago White Sox,Rate Field,Chicago,$14
Texas Rangers at Chicago White Sox,8/24/2026,Chicago White Sox,Rate Field,Chicago,$14
Tampa Bay Rays at Baltimore Orioles,5/27/2026,Baltimore Orioles,Oriole Park at Camden Yards,Baltimore,$14
San Francisco Giants at Arizona Diamondbacks,7/1/2026,Arizona Diamondbacks,Chase Field,Phoenix,$14
San Francisco Giants at Arizona Diamondbacks,6/29/2026,Arizona Diamondbacks,Chase Field,Phoenix,$14
St. Louis Cardinals at Los Angeles Angels (Throwback Clear Backpack Giveaway),7/20/2026,Los Angeles Angels,Angel Stadium,Anaheim,$14
Washington Nationals at Arizona Diamondbacks,6/7/2026,Arizona Diamondbacks,Chase Field,Phoenix,$14
Detroit Tigers at Los Angeles Angels (Throwback Collared Crewneck Giveaway),7/17/2026,Los Angeles Angels,Angel Stadium,Anaheim,$14
Washington Nationals at Arizona Diamondbacks,6/5/2026,Arizona Diamondbacks,Chase Field,Phoenix,$14
Arizona Diamondbacks at San Francisco Giants,5/26/2026,San Francisco Giants,Oracle Park,San Francisco,$14
Detroit Tigers at Chicago White Sox,5/31/2026,Chicago White Sox,Rate Field,Chicago,$14
Athletics at Texas Rangers,8/31/2026,Texas Rangers,Globe Life Field,Arlington,$14
Arizona Diamondbacks at Colorado Rockies,9/24/2026,Colorado Rockies,Coors Field,Denver,$14
Arizona Diamondbacks at Miami Marlins,6/10/2026,Miami Marlins,loanDepot Park,Miami,$14
Arizona Diamondbacks at Miami Marlins,6/9/2026,Miami Marlins,loanDepot Park,Miami,$14
Chicago White Sox at Kansas City Royals,9/24/2026,Kansas City Royals,Kauffman Stadium,Kansas City,$14
Minnesota Twins at Chicago White Sox,9/4/2026,Chicago White Sox,Rate Field,Chicago,$14
Texas Rangers at St. Louis Cardinals,6/3/2026,St. Louis Cardinals,Busch Stadium,St. Louis,$14
Cincinnati Reds at New York Mets,5/26/2026,New York Mets,Citi Field,Flushing,$14
Seattle Mariners at Texas Rangers,7/27/2026,Texas Rangers,Globe Life Field,Arlington,$13
Minnesota Twins at Texas Rangers,6/15/2026,Texas Rangers,Globe Life Field,Arlington,$13
Washington Nationals at San Diego Padres,9/9/2026,San Diego Padres,PETCO Park,San Diego,$13
Minnesota Twins at Detroit Tigers,9/9/2026,Detroit Tigers,Comerica Park,Detroit,$13
Colorado Rockies at Minnesota Twins,6/28/2026,Minnesota Twins,Target Field,Minneapolis,$13
Kansas City Royals at Cincinnati Reds,6/3/2026,Cincinnati Reds,Great American Ball Park,Cincinnati,$13
St. Louis Cardinals at Cincinnati Reds (Rescheduled from 5/24),8/17/2026,Cincinnati Reds,Great American Ball Park,Cincinnati,$13
Arizona Diamondbacks at Miami Marlins,6/11/2026,Miami Marlins,loanDepot Park,Miami,$13
Chicago White Sox at Kansas City Royals,9/22/2026,Kansas City Royals,Kauffman Stadium,Kansas City,$13
Arizona Diamondbacks at Kansas City Royals,9/8/2026,Kansas City Royals,Kauffman Stadium,Kansas City,$13
Athletics at Kansas City Royals,8/17/2026,Kansas City Royals,Kauffman Stadium,Kansas City,$13
Toronto Blue Jays at Baltimore Orioles,5/28/2026,Baltimore Orioles,Oriole Park at Camden Yards,Baltimore,$13
Tampa Bay Rays at New York Yankees,9/22/2026,New York Yankees,Yankee Stadium,Bronx,$13
Texas Rangers at Arizona Diamondbacks,9/13/2026,Arizona Diamondbacks,Chase Field,Phoenix,$13
Detroit Tigers at New York Yankees,6/30/2026,New York Yankees,Yankee Stadium,Bronx,$13
Chicago White Sox at New York Yankees,6/17/2026,New York Yankees,Yankee Stadium,Bronx,$13
Miami Marlins at New York Mets,7/30/2026,New York Mets,Citi Field,Flushing,$13
Kansas City Royals at New York Mets,7/8/2026,New York Mets,Citi Field,Flushing,$13
St. Louis Cardinals at New York Mets,6/11/2026,New York Mets,Citi Field,Flushing,$13
St. Louis Cardinals at New York Mets,6/9/2026,New York Mets,Citi Field,Flushing,$13
Miami Marlins at New York Mets,5/30/2026,New York Mets,Citi Field,Flushing,$13
Tampa Bay Rays at Texas Rangers,9/5/2026,Texas Rangers,Globe Life Field,Arlington,$13
Kansas City Royals at Los Angeles Angels (T-Shirt Giveaway),8/14/2026,Los Angeles Angels,Angel Stadium,Anaheim,$13
Cincinnati Reds at New York Mets,5/27/2026,New York Mets,Citi Field,Flushing,$13
MLB All Star Village,7/12/2026,MLB All Star Village,Pennsylvania Convention Center,Philadelphia,$12
Athletics at Texas Rangers,9/1/2026,Texas Rangers,Globe Life Field,Arlington,$12
Washington Nationals at Texas Rangers,8/19/2026,Texas Rangers,Globe Life Field,Arlington,$12
Baltimore Orioles at Texas Rangers,8/7/2026,Texas Rangers,Globe Life Field,Arlington,$12
San Francisco Giants at Texas Rangers,8/4/2026,Texas Rangers,Globe Life Field,Arlington,$12
Los Angeles Angels at Texas Rangers,7/8/2026,Texas Rangers,Globe Life Field,Arlington,$12
Washington Nationals at Detroit Tigers,9/21/2026,Detroit Tigers,Comerica Park,Detroit,$12
Kansas City Royals at Cincinnati Reds,6/1/2026,Cincinnati Reds,Great American Ball Park,Cincinnati,$12
Miami Marlins at Arizona Diamondbacks,9/16/2026,Arizona Diamondbacks,Chase Field,Phoenix,$12
Miami Marlins at Kansas City Royals,9/2/2026,Kansas City Royals,Kauffman Stadium,Kansas City,$12
Miami Marlins at Arizona Diamondbacks,9/15/2026,Arizona Diamondbacks,Chase Field,Phoenix,$12
Miami Marlins at Arizona Diamondbacks,9/14/2026,Arizona Diamondbacks,Chase Field,Phoenix,$12
Minnesota Twins at Detroit Tigers,6/10/2026,Detroit Tigers,Comerica Park,Detroit,$12
Minnesota Twins at Detroit Tigers,6/9/2026,Detroit Tigers,Comerica Park,Detroit,$12
San Francisco Giants at Milwaukee Brewers,6/2/2026,Milwaukee Brewers,American Family Field,Milwaukee,$12
San Francisco Giants at Milwaukee Brewers,6/1/2026,Milwaukee Brewers,American Family Field,Milwaukee,$12
Colorado Rockies at Arizona Diamondbacks,8/12/2026,Arizona Diamondbacks,Chase Field,Phoenix,$12
Colorado Rockies at Arizona Diamondbacks,8/11/2026,Arizona Diamondbacks,Chase Field,Phoenix,$12
Colorado Rockies at Arizona Diamondbacks,8/10/2026,Arizona Diamondbacks,Chase Field,Phoenix,$12
Athletics at Kansas City Royals,8/20/2026,Kansas City Royals,Kauffman Stadium,Kansas City,$12
Athletics at Arizona Diamondbacks,7/22/2026,Arizona Diamondbacks,Chase Field,Phoenix,$12
Athletics at Arizona Diamondbacks,7/21/2026,Arizona Diamondbacks,Chase Field,Phoenix,$12
Athletics at Arizona Diamondbacks,7/20/2026,Arizona Diamondbacks,Chase Field,Phoenix,$12
Los Angeles Angels at Arizona Diamondbacks,6/17/2026,Arizona Diamondbacks,Chase Field,Phoenix,$12
Los Angeles Angels at Arizona Diamondbacks,6/16/2026,Arizona Diamondbacks,Chase Field,Phoenix,$12
Houston Astros at Los Angeles Angels (City Connect Beach Towel Giveaway),7/29/2026,Los Angeles Angels,Angel Stadium,Anaheim,$12
Los Angeles Angels at Arizona Diamondbacks,6/15/2026,Arizona Diamondbacks,Chase Field,Phoenix,$12
Athletics at Los Angeles Angels,6/27/2026,Los Angeles Angels,Angel Stadium,Anaheim,$12
Tampa Bay Rays at Los Angeles Angels (Angels Soccer Jersey Giveaway),6/12/2026,Los Angeles Angels,Angel Stadium,Anaheim,$12
Houston Astros at Los Angeles Angels (Yusei Kikuchi Bobblehead Giveaway),6/8/2026,Los Angeles Angels,Angel Stadium,Anaheim,$12
Cleveland Guardians at Minnesota Twins,7/8/2026,Minnesota Twins,Target Field,Minneapolis,$12
Milwaukee Brewers at Pittsburgh Pirates,7/10/2026,Pittsburgh Pirates,PNC Park,Pittsburgh,$12
Tampa Bay Rays at New York Yankees,9/24/2026,New York Yankees,Yankee Stadium,Bronx,$12
Colorado Rockies at New York Yankees,9/9/2026,New York Yankees,Yankee Stadium,Bronx,$12
Cincinnati Reds at Arizona Diamondbacks,8/23/2026,Arizona Diamondbacks,Chase Field,Phoenix,$12
Cincinnati Reds at Arizona Diamondbacks,8/22/2026,Arizona Diamondbacks,Chase Field,Phoenix,$12
St. Louis Cardinals at Arizona Diamondbacks,7/19/2026,Arizona Diamondbacks,Chase Field,Phoenix,$12
Milwaukee Brewers at New York Mets,8/26/2026,New York Mets,Citi Field,Flushing,$12
Cleveland Guardians at New York Yankees,6/4/2026,New York Yankees,Yankee Stadium,Bronx,$12
St. Louis Cardinals at New York Mets,6/10/2026,New York Mets,Citi Field,Flushing,$12
Miami Marlins at New York Mets,5/31/2026,New York Mets,Citi Field,Flushing,$12
Miami Marlins at New York Mets,5/29/2026,New York Mets,Citi Field,Flushing,$12
Athletics at Texas Rangers,9/2/2026,Texas Rangers,Globe Life Field,Arlington,$12
Minnesota Twins at Los Angeles Angels,9/17/2026,Los Angeles Angels,Angel Stadium,Anaheim,$12
Tampa Bay Rays at Texas Rangers,9/3/2026,Texas Rangers,Globe Life Field,Arlington,$11
Athletics at Cincinnati Reds,8/5/2026,Cincinnati Reds,Great American Ball Park,Cincinnati,$11
Minnesota Twins at Detroit Tigers,9/8/2026,Detroit Tigers,Comerica Park,Detroit,$11
Miami Marlins at Kansas City Royals,9/3/2026,Kansas City Royals,Kauffman Stadium,Kansas City,$11
St. Louis Cardinals at Milwaukee Brewers,5/27/2026,Milwaukee Brewers,American Family Field,Milwaukee,$11
Cleveland Guardians at Los Angeles Angels,8/25/2026,Los Angeles Angels,Angel Stadium,Anaheim,$11
Cleveland Guardians at Los Angeles Angels,8/24/2026,Los Angeles Angels,Angel Stadium,Anaheim,$11
Athletics at Kansas City Royals,8/19/2026,Kansas City Royals,Kauffman Stadium,Kansas City,$11
Milwaukee Brewers at Los Angeles Angels,8/2/2026,Los Angeles Angels,Angel Stadium,Anaheim,$11
Milwaukee Brewers at Los Angeles Angels,8/1/2026,Los Angeles Angels,Angel Stadium,Anaheim,$11
St. Louis Cardinals at Los Angeles Angels,7/21/2026,Los Angeles Angels,Angel Stadium,Anaheim,$11
Athletics at Los Angeles Angels (Plaid Santa Hat Giveaway),6/26/2026,Los Angeles Angels,Angel Stadium,Anaheim,$11
Minnesota Twins at Chicago White Sox,5/28/2026,Chicago White Sox,Rate Field,Chicago,$11
Detroit Tigers at Minnesota Twins,9/2/2026,Minnesota Twins,Target Field,Minneapolis,$11
Tampa Bay Rays at New York Yankees,9/23/2026,New York Yankees,Yankee Stadium,Bronx,$11
Cleveland Guardians at New York Yankees,6/3/2026,New York Yankees,Yankee Stadium,Bronx,$11
Detroit Tigers at Los Angeles Angels,7/18/2026,Los Angeles Angels,Angel Stadium,Anaheim,$11
Cleveland Guardians at New York Yankees,6/2/2026,New York Yankees,Yankee Stadium,Bronx,$11
Kansas City Royals at Los Angeles Angels,8/15/2026,Los Angeles Angels,Angel Stadium,Anaheim,$11
Tampa Bay Rays at Los Angeles Angels,6/13/2026,Los Angeles Angels,Angel Stadium,Anaheim,$11
MLB All Star Village,7/14/2026,MLB All Star Village,Pennsylvania Convention Center,Philadelphia,$10
Los Angeles Angels at Texas Rangers,7/7/2026,Texas Rangers,Globe Life Field,Arlington,$10
Philadelphia Phillies at San Diego Padres,5/27/2026,San Diego Padres,PETCO Park,San Diego,$10
Seattle Mariners at Los Angeles Angels,9/14/2026,Los Angeles Angels,Angel Stadium,Anaheim,$10
St. Louis Cardinals at Milwaukee Brewers,5/26/2026,Milwaukee Brewers,American Family Field,Milwaukee,$10
Chicago White Sox at Kansas City Royals,9/23/2026,Kansas City Royals,Kauffman Stadium,Kansas City,$10
Arizona Diamondbacks at Kansas City Royals,9/9/2026,Kansas City Royals,Kauffman Stadium,Kansas City,$10
Cleveland Guardians at Los Angeles Angels,8/26/2026,Los Angeles Angels,Angel Stadium,Anaheim,$10
Kansas City Royals at Los Angeles Angels,8/16/2026,Los Angeles Angels,Angel Stadium,Anaheim,$10
Texas Rangers at Los Angeles Angels,8/13/2026,Los Angeles Angels,Angel Stadium,Anaheim,$10
Texas Rangers at Los Angeles Angels,8/11/2026,Los Angeles Angels,Angel Stadium,Anaheim,$10
Texas Rangers at Los Angeles Angels,8/10/2026,Los Angeles Angels,Angel Stadium,Anaheim,$10
Houston Astros at Los Angeles Angels,7/28/2026,Los Angeles Angels,Angel Stadium,Anaheim,$10
Houston Astros at Los Angeles Angels,7/27/2026,Los Angeles Angels,Angel Stadium,Anaheim,$10
St. Louis Cardinals at Los Angeles Angels,7/22/2026,Los Angeles Angels,Angel Stadium,Anaheim,$10
Detroit Tigers at Los Angeles Angels,7/19/2026,Los Angeles Angels,Angel Stadium,Anaheim,$10
Arizona Diamondbacks at San Francisco Giants,5/27/2026,San Francisco Giants,Oracle Park,San Francisco,$10
Athletics at Los Angeles Angels,6/28/2026,Los Angeles Angels,Angel Stadium,Anaheim,$10
Baltimore Orioles at Los Angeles Angels,6/24/2026,Los Angeles Angels,Angel Stadium,Anaheim,$10
Baltimore Orioles at Los Angeles Angels,6/23/2026,Los Angeles Angels,Angel Stadium,Anaheim,$10
Baltimore Orioles at Los Angeles Angels,6/22/2026,Los Angeles Angels,Angel Stadium,Anaheim,$10
Tampa Bay Rays at Los Angeles Angels,6/14/2026,Los Angeles Angels,Angel Stadium,Anaheim,$10
Houston Astros at Los Angeles Angels,6/10/2026,Los Angeles Angels,Angel Stadium,Anaheim,$10
Houston Astros at Los Angeles Angels,6/9/2026,Los Angeles Angels,Angel Stadium,Anaheim,$10
Chicago White Sox at Texas Rangers,7/21/2026,Texas Rangers,Globe Life Field,Arlington,$9
Houston Astros at Texas Rangers,5/28/2026,Texas Rangers,Globe Life Field,Arlington,$9
Houston Astros at Texas Rangers,5/27/2026,Texas Rangers,Globe Life Field,Arlington,$9
Seattle Mariners at Los Angeles Angels,9/15/2026,Los Angeles Angels,Angel Stadium,Anaheim,$9
Los Angeles Angels at Detroit Tigers,5/28/2026,Detroit Tigers,Comerica Park,Detroit,$9
Colorado Rockies at Los Angeles Angels (City Connect Cooler Tote Giveaway),6/1/2026,Los Angeles Angels,Angel Stadium,Anaheim,$9
Tampa Bay Rays at New York Yankees (Rescheduled from 5/23),9/22/2026,New York Yankees,Yankee Stadium,Bronx,$9
Los Angeles Angels at Detroit Tigers,5/27/2026,Detroit Tigers,Comerica Park,Detroit,$8
Los Angeles Angels at Detroit Tigers,5/26/2026,Detroit Tigers,Comerica Park,Detroit,$8
Tampa Bay Rays at Baltimore Orioles,5/26/2026,Baltimore Orioles,Oriole Park at Camden Yards,Baltimore,$8
Colorado Rockies at Los Angeles Angels,6/3/2026,Los Angeles Angels,Angel Stadium,Anaheim,$8
Colorado Rockies at Los Angeles Angels,6/2/2026,Los Angeles Angels,Angel Stadium,Anaheim,$8